ref,cor,url
029296,01,https://photo.anselmi.ind.br/Fotos/29296_01.jpg
046964,ROSA,https://photo.anselmi.ind.br/Fotos/46964_rosa.jpg
010920,10,https://photo.anselmi.ind.br/Fotos/10920_10.jpg
026414,AMARELA,https://photo.anselmi.ind.br/Fotos/26414_amarela.jpg
027630,2,https://photo.anselmi.ind.br/Fotos/27630_2.jpg
012940,D25,https://photo.anselmi.ind.br/Fotos/12940_d25.jpg
014460,02,https://photo.anselmi.ind.br/Fotos/14460_02.jpg
013278,10,https://photo.anselmi.ind.br/Fotos/13278_10.jpg
010441,01,https://photo.anselmi.ind.br/Fotos/10441_01.jpg
015108,01,https://photo.anselmi.ind.br/Fotos/15108_01.jpg
046291,04,https://photo.anselmi.ind.br/Fotos/46291_04.jpg
047396,06,https://photo.anselmi.ind.br/Fotos/47396_06.jpg
012628,01,https://photo.anselmi.ind.br/Fotos/12628_01.jpg
010287,01,https://photo.anselmi.ind.br/Fotos/10287_01.jpg
045884,10,https://photo.anselmi.ind.br/Fotos/45884_10.jpg
046164,10,https://photo.anselmi.ind.br/Fotos/46164_10.jpg
010614,10,https://photo.anselmi.ind.br/Fotos/10614_10.jpg
016390,10,https://photo.anselmi.ind.br/Fotos/16390_10.jpg
012339,10,https://photo.anselmi.ind.br/Fotos/12339_10.jpg
046957,03,https://photo.anselmi.ind.br/Fotos/46957_03.jpg
012788,01,https://photo.anselmi.ind.br/Fotos/12788_01.jpg
011451,10,https://photo.anselmi.ind.br/Fotos/11451_10.jpg
046670,01,https://photo.anselmi.ind.br/Fotos/46670_01.jpg
046291,02,https://photo.anselmi.ind.br/Fotos/46291_02.jpg
010395,10,https://photo.anselmi.ind.br/Fotos/10395_10.jpg
046696,01,https://photo.anselmi.ind.br/Fotos/46696_01.jpg
033877,1,https://photo.anselmi.ind.br/Fotos/33877_1.jpg
011762,10,https://photo.anselmi.ind.br/Fotos/11762_10.jpg
010289,01,https://photo.anselmi.ind.br/Fotos/10289_01.jpg
046823,E34,https://photo.anselmi.ind.br/Fotos/46823_e34.jpg
012631,10,https://photo.anselmi.ind.br/Fotos/12631_10.jpg
047637,02,https://photo.anselmi.ind.br/Fotos/47637_02.jpg
047487,01,https://photo.anselmi.ind.br/Fotos/47487_01.jpg
010844,01,https://photo.anselmi.ind.br/Fotos/10844_01.jpg
047386,03,https://photo.anselmi.ind.br/Fotos/47386_03.jpg
015753,PRETO,https://photo.anselmi.ind.br/Fotos/15753_preto.jpg
028661,PRETO,https://photo.anselmi.ind.br/Fotos/28661_preto.jpg
029229,1,https://photo.anselmi.ind.br/Fotos/29229_1.jpg
013080,D57,https://photo.anselmi.ind.br/Fotos/13080_d57.jpg
013135,05,https://photo.anselmi.ind.br/Fotos/13135_05.jpg
047580,02,https://photo.anselmi.ind.br/Fotos/47580_02.jpg
047528,09,https://photo.anselmi.ind.br/Fotos/47528_09.jpg
011834,01,https://photo.anselmi.ind.br/Fotos/11834_01.jpg
015048,E60,https://photo.anselmi.ind.br/Fotos/15048_e60.jpg
047528,04,https://photo.anselmi.ind.br/Fotos/47528_04.jpg
046004,COR05,https://photo.anselmi.ind.br/Fotos/46004_cor05.jpg
012545,01,https://photo.anselmi.ind.br/Fotos/12545_01.jpg
012339,01,https://photo.anselmi.ind.br/Fotos/12339_01.jpg
014819,E60,https://photo.anselmi.ind.br/Fotos/14819_e60.jpg
011471,10,https://photo.anselmi.ind.br/Fotos/11471_10.jpg
011780,02,https://photo.anselmi.ind.br/Fotos/11780_02.jpg
046896,E34,https://photo.anselmi.ind.br/Fotos/46896_e34.jpg
047528,02,https://photo.anselmi.ind.br/Fotos/47528_02.jpg
010135,VERDE,https://photo.anselmi.ind.br/Fotos/10135_verde.jpg
047455,10,https://photo.anselmi.ind.br/Fotos/47455_10.jpg
027064,ROSA,https://photo.anselmi.ind.br/Fotos/27064_rosa.jpg
012502,10,https://photo.anselmi.ind.br/Fotos/12502_10.jpg
047403,03,https://photo.anselmi.ind.br/Fotos/47403_03.jpg
047522,03,https://photo.anselmi.ind.br/Fotos/47522_03.jpg
012234,01,https://photo.anselmi.ind.br/Fotos/12234_01.jpg
046162,10,https://photo.anselmi.ind.br/Fotos/46162_10.jpg
046358,10,https://photo.anselmi.ind.br/Fotos/46358_10.jpg
013295,10,https://photo.anselmi.ind.br/Fotos/13295_10.jpg
047545,02,https://photo.anselmi.ind.br/Fotos/47545_02.jpg
016591,BEGE,https://photo.anselmi.ind.br/Fotos/16591_bege.jpg
012370,10,https://photo.anselmi.ind.br/Fotos/12370_10.jpg
015598,01,https://photo.anselmi.ind.br/Fotos/15598_01.jpg
012654,10,https://photo.anselmi.ind.br/Fotos/12654_10.jpg
047527,02,https://photo.anselmi.ind.br/Fotos/47527_02.jpg
012934,04,https://photo.anselmi.ind.br/Fotos/12934_04.jpg
011354,01,https://photo.anselmi.ind.br/Fotos/11354_01.jpg
029171,2,https://photo.anselmi.ind.br/Fotos/29171_2.jpg
047537,02,https://photo.anselmi.ind.br/Fotos/47537_02.jpg
027257,01,https://photo.anselmi.ind.br/Fotos/27257_01.jpg
000419,01,https://photo.anselmi.ind.br/Fotos/00419_01.jpg
016908,10,https://photo.anselmi.ind.br/Fotos/16908_10.jpg
012588,10,https://photo.anselmi.ind.br/Fotos/12588_10.jpg
029422,04,https://photo.anselmi.ind.br/Fotos/29422_04.jpg
015693,01,https://photo.anselmi.ind.br/Fotos/15693_01.jpg
012515,01,https://photo.anselmi.ind.br/Fotos/12515_01.jpg
029018,01,https://photo.anselmi.ind.br/Fotos/29018_01.jpg
029793,01,https://photo.anselmi.ind.br/Fotos/29793_01.jpg
011326,01,https://photo.anselmi.ind.br/Fotos/11326_01.jpg
029393,1620300445,https://photo.anselmi.ind.br/Fotos/29393_1620300445.jpg
027065,01,https://photo.anselmi.ind.br/Fotos/27065_01.jpg
012957,10,https://photo.anselmi.ind.br/Fotos/12957_10.jpg
013285,E59,https://photo.anselmi.ind.br/Fotos/13285_e59.jpg
012934,02,https://photo.anselmi.ind.br/Fotos/12934_02.jpg
012788,02,https://photo.anselmi.ind.br/Fotos/12788_02.jpg
047451,01,https://photo.anselmi.ind.br/Fotos/47451_01.jpg
029543,01,https://photo.anselmi.ind.br/Fotos/29543_01.jpg
010473,01,https://photo.anselmi.ind.br/Fotos/10473_01.jpg
013222,01,https://photo.anselmi.ind.br/Fotos/13222_01.jpg
047333,01,https://photo.anselmi.ind.br/Fotos/47333_01.jpg
029422,02,https://photo.anselmi.ind.br/Fotos/29422_02.jpg
047487,02,https://photo.anselmi.ind.br/Fotos/47487_02.jpg
011778,V,https://photo.anselmi.ind.br/Fotos/11778_v.jpg
047405,12,https://photo.anselmi.ind.br/Fotos/47405_12.jpg
034011,08,https://photo.anselmi.ind.br/Fotos/34011_08.jpg
029154,OFF,https://photo.anselmi.ind.br/Fotos/29154_off.jpg
013418,10,https://photo.anselmi.ind.br/Fotos/13418_10.jpg
011834,02,https://photo.anselmi.ind.br/Fotos/11834_02.jpg
017240,01,https://photo.anselmi.ind.br/Fotos/17240_01.jpg
011562,10,https://photo.anselmi.ind.br/Fotos/11562_10.jpg
029009,VERSO,https://photo.anselmi.ind.br/Fotos/29009_verso.jpg
014320,03,https://photo.anselmi.ind.br/Fotos/14320_03.jpg
047354,03,https://photo.anselmi.ind.br/Fotos/47354_03.jpg
013886,01,https://photo.anselmi.ind.br/Fotos/13886_01.jpg
046896,C25,https://photo.anselmi.ind.br/Fotos/46896_c25.jpg
047405,08,https://photo.anselmi.ind.br/Fotos/47405_08.jpg
015021,10,https://photo.anselmi.ind.br/Fotos/15021_10.jpg
029230,AZUL,https://photo.anselmi.ind.br/Fotos/29230_azul.jpg
010334,01,https://photo.anselmi.ind.br/Fotos/10334_01.jpg
011418,C32,https://photo.anselmi.ind.br/Fotos/11418_c32.jpg
015359,C25,https://photo.anselmi.ind.br/Fotos/15359_c25.jpg
028188,PRETO,https://photo.anselmi.ind.br/Fotos/28188_preto.jpg
010360,01,https://photo.anselmi.ind.br/Fotos/10360_01.jpg
047695,10,https://photo.anselmi.ind.br/Fotos/47695_10.jpg
011738,10,https://photo.anselmi.ind.br/Fotos/11738_10.jpg
018961,01,https://photo.anselmi.ind.br/Fotos/18961_01.jpg
015387,C25,https://photo.anselmi.ind.br/Fotos/15387_c25.jpg
012940,E20,https://photo.anselmi.ind.br/Fotos/12940_e20.jpg
046082,01,https://photo.anselmi.ind.br/Fotos/46082_01.jpg
012364,02,https://photo.anselmi.ind.br/Fotos/12364_02.jpg
016873,05,https://photo.anselmi.ind.br/Fotos/16873_05.jpg
011947,E60,https://photo.anselmi.ind.br/Fotos/11947_e60.jpg
011501,03,https://photo.anselmi.ind.br/Fotos/11501_03.jpg
010598,01,https://photo.anselmi.ind.br/Fotos/10598_01.jpg
046979,01,https://photo.anselmi.ind.br/Fotos/46979_01.jpg
018941,C46,https://photo.anselmi.ind.br/Fotos/18941_c46.jpg
012955,01,https://photo.anselmi.ind.br/Fotos/12955_01.jpg
047669,10,https://photo.anselmi.ind.br/Fotos/47669_10.jpg
046003,02,https://photo.anselmi.ind.br/Fotos/46003_02.jpg
026357,1620300413,https://photo.anselmi.ind.br/Fotos/26357_1620300413.jpg
012551,01,https://photo.anselmi.ind.br/Fotos/12551_01.jpg
012881,10,https://photo.anselmi.ind.br/Fotos/12881_10.jpg
018955,01,https://photo.anselmi.ind.br/Fotos/18955_01.jpg
015484,10,https://photo.anselmi.ind.br/Fotos/15484_10.jpg
016133,03,https://photo.anselmi.ind.br/Fotos/16133_03.jpg
010392,01,https://photo.anselmi.ind.br/Fotos/10392_01.jpg
047413,05,https://photo.anselmi.ind.br/Fotos/47413_05.jpg
012232,02,https://photo.anselmi.ind.br/Fotos/12232_02.jpg
012967,D25,https://photo.anselmi.ind.br/Fotos/12967_d25.jpg
047491,01,https://photo.anselmi.ind.br/Fotos/47491_01.jpg
011996,10,https://photo.anselmi.ind.br/Fotos/11996_10.jpg
046239,04,https://photo.anselmi.ind.br/Fotos/46239_04.jpg
029232,LATERAL,https://photo.anselmi.ind.br/Fotos/29232_lateral.jpg
014078,10,https://photo.anselmi.ind.br/Fotos/14078_10.jpg
047490,01,https://photo.anselmi.ind.br/Fotos/47490_01.jpg
047386,01,https://photo.anselmi.ind.br/Fotos/47386_01.jpg
047571,01,https://photo.anselmi.ind.br/Fotos/47571_01.jpg
047370,08,https://photo.anselmi.ind.br/Fotos/47370_08.jpg
015285,01,https://photo.anselmi.ind.br/Fotos/15285_01.jpg
028451,06,https://photo.anselmi.ind.br/Fotos/28451_06.jpg
015042,01,https://photo.anselmi.ind.br/Fotos/15042_01.jpg
012526,E34,https://photo.anselmi.ind.br/Fotos/12526_e34.jpg
011463,10,https://photo.anselmi.ind.br/Fotos/11463_10.jpg
015693,02,https://photo.anselmi.ind.br/Fotos/15693_02.jpg
029018,02,https://photo.anselmi.ind.br/Fotos/29018_02.jpg
010438,01,https://photo.anselmi.ind.br/Fotos/10438_01.jpg
010424,01,https://photo.anselmi.ind.br/Fotos/10424_01.jpg
010716,10,https://photo.anselmi.ind.br/Fotos/10716_10.jpg
027065,02,https://photo.anselmi.ind.br/Fotos/27065_02.jpg
047383,05,https://photo.anselmi.ind.br/Fotos/47383_05.jpg
046490,10,https://photo.anselmi.ind.br/Fotos/46490_10.jpg
011796,01,https://photo.anselmi.ind.br/Fotos/11796_01.jpg
015048,C25,https://photo.anselmi.ind.br/Fotos/15048_c25.jpg
028132,1590607609,https://photo.anselmi.ind.br/Fotos/28132_1590607609.jpg
046239,02,https://photo.anselmi.ind.br/Fotos/46239_02.jpg
012413,10,https://photo.anselmi.ind.br/Fotos/12413_10.jpg
017442,B79,https://photo.anselmi.ind.br/Fotos/17442_b79.jpg
012434,03,https://photo.anselmi.ind.br/Fotos/12434_03.jpg
046362,10,https://photo.anselmi.ind.br/Fotos/46362_10.jpg
047206,01,https://photo.anselmi.ind.br/Fotos/47206_01.jpg
047451,02,https://photo.anselmi.ind.br/Fotos/47451_02.jpg
047396,04,https://photo.anselmi.ind.br/Fotos/47396_04.jpg
028976,2,https://photo.anselmi.ind.br/Fotos/28976_2.jpg
047457,07,https://photo.anselmi.ind.br/Fotos/47457_07.jpg
013222,02,https://photo.anselmi.ind.br/Fotos/13222_02.jpg
012956,C25,https://photo.anselmi.ind.br/Fotos/12956_c25.jpg
010591,01,https://photo.anselmi.ind.br/Fotos/10591_01.jpg
046623,01,https://photo.anselmi.ind.br/Fotos/46623_01.jpg
012617,01,https://photo.anselmi.ind.br/Fotos/12617_01.jpg
015388,01,https://photo.anselmi.ind.br/Fotos/15388_01.jpg
045892,10,https://photo.anselmi.ind.br/Fotos/45892_10.jpg
014084,01,https://photo.anselmi.ind.br/Fotos/14084_01.jpg
027211,CINZA,https://photo.anselmi.ind.br/Fotos/27211_cinza.jpg
011637,02,https://photo.anselmi.ind.br/Fotos/11637_02.jpg
010836,01,https://photo.anselmi.ind.br/Fotos/10836_01.jpg
047457,06,https://photo.anselmi.ind.br/Fotos/47457_06.jpg
014962,E75,https://photo.anselmi.ind.br/Fotos/14962_e75.jpg
011210,10,https://photo.anselmi.ind.br/Fotos/11210_10.jpg
047576,10,https://photo.anselmi.ind.br/Fotos/47576_10.jpg
047539,02,https://photo.anselmi.ind.br/Fotos/47539_02.jpg
047442,01,https://photo.anselmi.ind.br/Fotos/47442_01.jpg
047637,05,https://photo.anselmi.ind.br/Fotos/47637_05.jpg
011325,10,https://photo.anselmi.ind.br/Fotos/11325_10.jpg
010422,01,https://photo.anselmi.ind.br/Fotos/10422_01.jpg
046399,10,https://photo.anselmi.ind.br/Fotos/46399_10.jpg
012551,02,https://photo.anselmi.ind.br/Fotos/12551_02.jpg
010135,10,https://photo.anselmi.ind.br/Fotos/10135_10.jpg
010845,10,https://photo.anselmi.ind.br/Fotos/10845_10.jpg
010356,A,https://photo.anselmi.ind.br/Fotos/10356_a.jpg
046049,1616176308,https://photo.anselmi.ind.br/Fotos/46049_1616176308.jpg
047523,01,https://photo.anselmi.ind.br/Fotos/47523_01.jpg
015094,01,https://photo.anselmi.ind.br/Fotos/15094_01.jpg
029404,16,https://photo.anselmi.ind.br/Fotos/29404_16.jpg
012976,01,https://photo.anselmi.ind.br/Fotos/12976_01.jpg
047508,01,https://photo.anselmi.ind.br/Fotos/47508_01.jpg
047709,11,https://photo.anselmi.ind.br/Fotos/47709_11.jpg
046545,E10,https://photo.anselmi.ind.br/Fotos/46545_e10.jpg
047491,02,https://photo.anselmi.ind.br/Fotos/47491_02.jpg
027065,06,https://photo.anselmi.ind.br/Fotos/27065_06.jpg
012507,03,https://photo.anselmi.ind.br/Fotos/12507_03.jpg
027544,CINZA,https://photo.anselmi.ind.br/Fotos/27544_cinza.jpg
012332,C25,https://photo.anselmi.ind.br/Fotos/12332_c25.jpg
013811,01,https://photo.anselmi.ind.br/Fotos/13811_01.jpg
033491,LATERAL,https://photo.anselmi.ind.br/Fotos/33491_lateral.jpg
047490,02,https://photo.anselmi.ind.br/Fotos/47490_02.jpg
033877,2,https://photo.anselmi.ind.br/Fotos/33877_2.jpg
029423,01,https://photo.anselmi.ind.br/Fotos/29423_01.jpg
015226,01,https://photo.anselmi.ind.br/Fotos/15226_01.jpg
047571,02,https://photo.anselmi.ind.br/Fotos/47571_02.jpg
025092,10,https://photo.anselmi.ind.br/Fotos/25092_10.jpg
011739,10,https://photo.anselmi.ind.br/Fotos/11739_10.jpg
047688,10,https://photo.anselmi.ind.br/Fotos/47688_10.jpg
014476,01,https://photo.anselmi.ind.br/Fotos/14476_01.jpg
011770,353,https://photo.anselmi.ind.br/Fotos/11770_353.jpg
015302,E56,https://photo.anselmi.ind.br/Fotos/15302_e56.jpg
046629,02,https://photo.anselmi.ind.br/Fotos/46629_02.jpg
011871,01,https://photo.anselmi.ind.br/Fotos/11871_01.jpg
015042,02,https://photo.anselmi.ind.br/Fotos/15042_02.jpg
047703,10,https://photo.anselmi.ind.br/Fotos/47703_10.jpg
011418,E24,https://photo.anselmi.ind.br/Fotos/11418_e24.jpg
016930,10,https://photo.anselmi.ind.br/Fotos/16930_10.jpg
014320,01,https://photo.anselmi.ind.br/Fotos/14320_01.jpg
046823,BORDO,https://photo.anselmi.ind.br/Fotos/46823_bordo.jpg
029229,2,https://photo.anselmi.ind.br/Fotos/29229_2.jpg
011993,10,https://photo.anselmi.ind.br/Fotos/11993_10.jpg
046863,01,https://photo.anselmi.ind.br/Fotos/46863_01.jpg
046744,10,https://photo.anselmi.ind.br/Fotos/46744_10.jpg
012948,01,https://photo.anselmi.ind.br/Fotos/12948_01.jpg
000485,01,https://photo.anselmi.ind.br/Fotos/00485_01.jpg
046084,10,https://photo.anselmi.ind.br/Fotos/46084_10.jpg
047482,01,https://photo.anselmi.ind.br/Fotos/47482_01.jpg
047350,03,https://photo.anselmi.ind.br/Fotos/47350_03.jpg
047460,05,https://photo.anselmi.ind.br/Fotos/47460_05.jpg
014471,03,https://photo.anselmi.ind.br/Fotos/14471_03.jpg
015048,E56,https://photo.anselmi.ind.br/Fotos/15048_e56.jpg
010591,02,https://photo.anselmi.ind.br/Fotos/10591_02.jpg
046765,10,https://photo.anselmi.ind.br/Fotos/46765_10.jpg
014648,02,https://photo.anselmi.ind.br/Fotos/14648_02.jpg
017253,10,https://photo.anselmi.ind.br/Fotos/17253_10.jpg
047399,03,https://photo.anselmi.ind.br/Fotos/47399_03.jpg
010579,01,https://photo.anselmi.ind.br/Fotos/10579_01.jpg
014084,02,https://photo.anselmi.ind.br/Fotos/14084_02.jpg
010905,01,https://photo.anselmi.ind.br/Fotos/10905_01.jpg
019000,10,https://photo.anselmi.ind.br/Fotos/19000_10.jpg
011308,10,https://photo.anselmi.ind.br/Fotos/11308_10.jpg
047400,PINK,https://photo.anselmi.ind.br/Fotos/47400_pink.jpg
012967,E20,https://photo.anselmi.ind.br/Fotos/12967_e20.jpg
011471,A67,https://photo.anselmi.ind.br/Fotos/11471_a67.jpg
028037,1590608379,https://photo.anselmi.ind.br/Fotos/28037_1590608379.jpg
046161,01,https://photo.anselmi.ind.br/Fotos/46161_01.jpg
027064,03,https://photo.anselmi.ind.br/Fotos/27064_03.jpg
017266,10,https://photo.anselmi.ind.br/Fotos/17266_10.jpg
046192,10,https://photo.anselmi.ind.br/Fotos/46192_10.jpg
046476,01,https://photo.anselmi.ind.br/Fotos/46476_01.jpg
011327,10,https://photo.anselmi.ind.br/Fotos/11327_10.jpg
046744,01,https://photo.anselmi.ind.br/Fotos/46744_01.jpg
019993,10,https://photo.anselmi.ind.br/Fotos/19993_10.jpg
047442,02,https://photo.anselmi.ind.br/Fotos/47442_02.jpg
018953,01,https://photo.anselmi.ind.br/Fotos/18953_01.jpg
029422,05,https://photo.anselmi.ind.br/Fotos/29422_05.jpg
027544,NATURAL,https://photo.anselmi.ind.br/Fotos/27544_natural.jpg
014616,02,https://photo.anselmi.ind.br/Fotos/14616_02.jpg
046276,10,https://photo.anselmi.ind.br/Fotos/46276_10.jpg
046590,10,https://photo.anselmi.ind.br/Fotos/46590_10.jpg
046104,1620049766,https://photo.anselmi.ind.br/Fotos/46104_1620049766.jpg
028888,01,https://photo.anselmi.ind.br/Fotos/28888_01.jpg
046234,10,https://photo.anselmi.ind.br/Fotos/46234_10.jpg
013200,03,https://photo.anselmi.ind.br/Fotos/13200_03.jpg
014835,01,https://photo.anselmi.ind.br/Fotos/14835_01.jpg
015015,E56,https://photo.anselmi.ind.br/Fotos/15015_e56.jpg
017585,02,https://photo.anselmi.ind.br/Fotos/17585_02.jpg
011935,01,https://photo.anselmi.ind.br/Fotos/11935_01.jpg
047508,02,https://photo.anselmi.ind.br/Fotos/47508_02.jpg
012160,02,https://photo.anselmi.ind.br/Fotos/12160_02.jpg
013080,10,https://photo.anselmi.ind.br/Fotos/13080_10.jpg
010445,01,https://photo.anselmi.ind.br/Fotos/10445_01.jpg
014320,04,https://photo.anselmi.ind.br/Fotos/14320_04.jpg
046513,01,https://photo.anselmi.ind.br/Fotos/46513_01.jpg
011727,03,https://photo.anselmi.ind.br/Fotos/11727_03.jpg
012331,10,https://photo.anselmi.ind.br/Fotos/12331_10.jpg
028838,1590608385,https://photo.anselmi.ind.br/Fotos/28838_1590608385.jpg
015579,01,https://photo.anselmi.ind.br/Fotos/15579_01.jpg
047457,01,https://photo.anselmi.ind.br/Fotos/47457_01.jpg
017076,10,https://photo.anselmi.ind.br/Fotos/17076_10.jpg
011871,02,https://photo.anselmi.ind.br/Fotos/11871_02.jpg
046667,10,https://photo.anselmi.ind.br/Fotos/46667_10.jpg
011501,04,https://photo.anselmi.ind.br/Fotos/11501_04.jpg
010090,10,https://photo.anselmi.ind.br/Fotos/10090_10.jpg
014320,02,https://photo.anselmi.ind.br/Fotos/14320_02.jpg
011471,C59,https://photo.anselmi.ind.br/Fotos/11471_c59.jpg
010055,10,https://photo.anselmi.ind.br/Fotos/10055_10.jpg
018760,10,https://photo.anselmi.ind.br/Fotos/18760_10.jpg
014772,01,https://photo.anselmi.ind.br/Fotos/14772_01.jpg
016791,10,https://photo.anselmi.ind.br/Fotos/16791_10.jpg
016989,C25,https://photo.anselmi.ind.br/Fotos/16989_c25.jpg
012608,10,https://photo.anselmi.ind.br/Fotos/12608_10.jpg
012929,03,https://photo.anselmi.ind.br/Fotos/12929_03.jpg
046004,03,https://photo.anselmi.ind.br/Fotos/46004_03.jpg
012937,01,https://photo.anselmi.ind.br/Fotos/12937_01.jpg
047541,03,https://photo.anselmi.ind.br/Fotos/47541_03.jpg
011501,02,https://photo.anselmi.ind.br/Fotos/11501_02.jpg
047524,03,https://photo.anselmi.ind.br/Fotos/47524_03.jpg
019295,10,https://photo.anselmi.ind.br/Fotos/19295_10.jpg
010436,04,https://photo.anselmi.ind.br/Fotos/10436_04.jpg
012233,10,https://photo.anselmi.ind.br/Fotos/12233_10.jpg
013373,B79,https://photo.anselmi.ind.br/Fotos/13373_b79.jpg
047733,11,https://photo.anselmi.ind.br/Fotos/47733_11.jpg
027988,01,https://photo.anselmi.ind.br/Fotos/27988_01.jpg
046365,AZUL,https://photo.anselmi.ind.br/Fotos/46365_azul.jpg
046025,10,https://photo.anselmi.ind.br/Fotos/46025_10.jpg
011474,E60,https://photo.anselmi.ind.br/Fotos/11474_e60.jpg
012502,01,https://photo.anselmi.ind.br/Fotos/12502_01.jpg
013057,10,https://photo.anselmi.ind.br/Fotos/13057_10.jpg
046642,B79,https://photo.anselmi.ind.br/Fotos/46642_b79.jpg
014962,10,https://photo.anselmi.ind.br/Fotos/14962_10.jpg
012945,01,https://photo.anselmi.ind.br/Fotos/12945_01.jpg
047509,01,https://photo.anselmi.ind.br/Fotos/47509_01.jpg
046593,10,https://photo.anselmi.ind.br/Fotos/46593_10.jpg
045744,01,https://photo.anselmi.ind.br/Fotos/45744_01.jpg
011900,C25,https://photo.anselmi.ind.br/Fotos/11900_c25.jpg
047719,10,https://photo.anselmi.ind.br/Fotos/47719_10.jpg
010436,02,https://photo.anselmi.ind.br/Fotos/10436_02.jpg
046239,05,https://photo.anselmi.ind.br/Fotos/46239_05.jpg
013230,10,https://photo.anselmi.ind.br/Fotos/13230_10.jpg
011268,C25,https://photo.anselmi.ind.br/Fotos/11268_c25.jpg
010028,10,https://photo.anselmi.ind.br/Fotos/10028_10.jpg
011689,10,https://photo.anselmi.ind.br/Fotos/11689_10.jpg
013782,10,https://photo.anselmi.ind.br/Fotos/13782_10.jpg
012956,D25,https://photo.anselmi.ind.br/Fotos/12956_d25.jpg
010404,10,https://photo.anselmi.ind.br/Fotos/10404_10.jpg
027506,16,https://photo.anselmi.ind.br/Fotos/27506_16.jpg
011609,01,https://photo.anselmi.ind.br/Fotos/11609_01.jpg
012220,01,https://photo.anselmi.ind.br/Fotos/12220_01.jpg
046393,10,https://photo.anselmi.ind.br/Fotos/46393_10.jpg
029249,ROSE,https://photo.anselmi.ind.br/Fotos/29249_rose.jpg
011339,01,https://photo.anselmi.ind.br/Fotos/11339_01.jpg
011381,10,https://photo.anselmi.ind.br/Fotos/11381_10.jpg
011654,10,https://photo.anselmi.ind.br/Fotos/11654_10.jpg
000414,01,https://photo.anselmi.ind.br/Fotos/414_01.jpg
018946,01,https://photo.anselmi.ind.br/Fotos/18946_01.jpg
016965,10,https://photo.anselmi.ind.br/Fotos/16965_10.jpg
046889,10,https://photo.anselmi.ind.br/Fotos/46889_10.jpg
017411,01,https://photo.anselmi.ind.br/Fotos/17411_01.jpg
047396,05,https://photo.anselmi.ind.br/Fotos/47396_05.jpg
047584,01,https://photo.anselmi.ind.br/Fotos/47584_01.jpg
012092,01,https://photo.anselmi.ind.br/Fotos/12092_01.jpg
012524,10,https://photo.anselmi.ind.br/Fotos/12524_10.jpg
010357,10,https://photo.anselmi.ind.br/Fotos/10357_10.jpg
010294,10,https://photo.anselmi.ind.br/Fotos/10294_10.jpg
011335,02,https://photo.anselmi.ind.br/Fotos/11335_02.jpg
012939,01,https://photo.anselmi.ind.br/Fotos/12939_01.jpg
047433,01,https://photo.anselmi.ind.br/Fotos/47433_01.jpg
027912,07,https://photo.anselmi.ind.br/Fotos/27912_07.jpg
047659,10,https://photo.anselmi.ind.br/Fotos/47659_10.jpg
026490,1,https://photo.anselmi.ind.br/Fotos/26490_1.jpg
047350,01,https://photo.anselmi.ind.br/Fotos/47350_01.jpg
012497,01,https://photo.anselmi.ind.br/Fotos/12497_01.jpg
015859,C25,https://photo.anselmi.ind.br/Fotos/15859_c25.jpg
047507,03,https://photo.anselmi.ind.br/Fotos/47507_03.jpg
027912,ROSE,https://photo.anselmi.ind.br/Fotos/27912_rose.jpg
047546,01,https://photo.anselmi.ind.br/Fotos/47546_01.jpg
029386,01,https://photo.anselmi.ind.br/Fotos/29386_01.jpg
046957,01,https://photo.anselmi.ind.br/Fotos/46957_01.jpg
011591,10,https://photo.anselmi.ind.br/Fotos/11591_10.jpg
028661,OFF,https://photo.anselmi.ind.br/Fotos/28661_off.jpg
047432,01,https://photo.anselmi.ind.br/Fotos/47432_01.jpg
013418,01,https://photo.anselmi.ind.br/Fotos/13418_01.jpg
015693,04,https://photo.anselmi.ind.br/Fotos/15693_04.jpg
046886,01,https://photo.anselmi.ind.br/Fotos/46886_01.jpg
047399,01,https://photo.anselmi.ind.br/Fotos/47399_01.jpg
047457,02,https://photo.anselmi.ind.br/Fotos/47457_02.jpg
026414,PINK,https://photo.anselmi.ind.br/Fotos/26414_pink.jpg
013281,01,https://photo.anselmi.ind.br/Fotos/13281_01.jpg
047519,01,https://photo.anselmi.ind.br/Fotos/47519_01.jpg
027506,13,https://photo.anselmi.ind.br/Fotos/27506_13.jpg
046943,10,https://photo.anselmi.ind.br/Fotos/46943_10.jpg
012373,10,https://photo.anselmi.ind.br/Fotos/12373_10.jpg
047661,11,https://photo.anselmi.ind.br/Fotos/47661_11.jpg
017176,10,https://photo.anselmi.ind.br/Fotos/17176_10.jpg
012973,01,https://photo.anselmi.ind.br/Fotos/12973_01.jpg
014772,02,https://photo.anselmi.ind.br/Fotos/14772_02.jpg
010826,01,https://photo.anselmi.ind.br/Fotos/10826_01.jpg
012337,03,https://photo.anselmi.ind.br/Fotos/12337_03.jpg
012615,10,https://photo.anselmi.ind.br/Fotos/12615_10.jpg
010012,01,https://photo.anselmi.ind.br/Fotos/10012_01.jpg
014449,01,https://photo.anselmi.ind.br/Fotos/14449_01.jpg
010578,01,https://photo.anselmi.ind.br/Fotos/10578_01.jpg
029229,4,https://photo.anselmi.ind.br/Fotos/29229_4.jpg
047538,02,https://photo.anselmi.ind.br/Fotos/47538_02.jpg
011964,10,https://photo.anselmi.ind.br/Fotos/11964_10.jpg
012633,04,https://photo.anselmi.ind.br/Fotos/12633_04.jpg
046045,03,https://photo.anselmi.ind.br/Fotos/46045_03.jpg
027912,06,https://photo.anselmi.ind.br/Fotos/27912_06.jpg
010203,10,https://photo.anselmi.ind.br/Fotos/10203_10.jpg
028780,1590608436,https://photo.anselmi.ind.br/Fotos/28780_1590608436.jpg
010294,01,https://photo.anselmi.ind.br/Fotos/10294_01.jpg
046011,03,https://photo.anselmi.ind.br/Fotos/46011_03.jpg
018888,01,https://photo.anselmi.ind.br/Fotos/18888_01.jpg
047836,P39,https://photo.anselmi.ind.br/Fotos/47836_p39.jpg
027160,NUDE,https://photo.anselmi.ind.br/Fotos/27160_nude.jpg
010473,02,https://photo.anselmi.ind.br/Fotos/10473_02.jpg
014558,10,https://photo.anselmi.ind.br/Fotos/14558_10.jpg
047448,03,https://photo.anselmi.ind.br/Fotos/47448_03.jpg
047333,02,https://photo.anselmi.ind.br/Fotos/47333_02.jpg
047557,03,https://photo.anselmi.ind.br/Fotos/47557_03.jpg
016849,1,https://photo.anselmi.ind.br/Fotos/16849_1.jpg
025062,11,https://photo.anselmi.ind.br/Fotos/25062_11.jpg
047493,01,https://photo.anselmi.ind.br/Fotos/47493_01.jpg
011945,10,https://photo.anselmi.ind.br/Fotos/11945_10.jpg
028476,01,https://photo.anselmi.ind.br/Fotos/28476_01.jpg
029798,01,https://photo.anselmi.ind.br/Fotos/29798_01.jpg
014374,01,https://photo.anselmi.ind.br/Fotos/14374_01.jpg
015117,01,https://photo.anselmi.ind.br/Fotos/15117_01.jpg
047794,10,https://photo.anselmi.ind.br/Fotos/47794_10.jpg
018718,CAMELO,https://photo.anselmi.ind.br/Fotos/18718_camelo.jpg
047951,P30,https://photo.anselmi.ind.br/Fotos/47951_p30.jpg
015256,10,https://photo.anselmi.ind.br/Fotos/15256_10.jpg
018910,01,https://photo.anselmi.ind.br/Fotos/18910_01.jpg
047403,01,https://photo.anselmi.ind.br/Fotos/47403_01.jpg
047522,01,https://photo.anselmi.ind.br/Fotos/47522_01.jpg
015250,B79,https://photo.anselmi.ind.br/Fotos/15250_b79.jpg
028975,1590608387,https://photo.anselmi.ind.br/Fotos/28975_1590608387.jpg
012759,01,https://photo.anselmi.ind.br/Fotos/12759_01.jpg
047433,04,https://photo.anselmi.ind.br/Fotos/47433_04.jpg
011609,02,https://photo.anselmi.ind.br/Fotos/11609_02.jpg
012370,E34,https://photo.anselmi.ind.br/Fotos/12370_e34.jpg
046276,03,https://photo.anselmi.ind.br/Fotos/46276_03.jpg
013491,10,https://photo.anselmi.ind.br/Fotos/13491_10.jpg
046957,04,https://photo.anselmi.ind.br/Fotos/46957_04.jpg
017068,10,https://photo.anselmi.ind.br/Fotos/17068_10.jpg
029374,1584541949,https://photo.anselmi.ind.br/Fotos/29374_1584541949.jpg
046291,05,https://photo.anselmi.ind.br/Fotos/46291_05.jpg
011335,C25,https://photo.anselmi.ind.br/Fotos/11335_c25.jpg
012957,02,https://photo.anselmi.ind.br/Fotos/12957_02.jpg
046667,B61,https://photo.anselmi.ind.br/Fotos/46667_b61.jpg
011251,10,https://photo.anselmi.ind.br/Fotos/11251_10.jpg
011116,10,https://photo.anselmi.ind.br/Fotos/11116_10.jpg
012778,01,https://photo.anselmi.ind.br/Fotos/12778_01.jpg
047584,02,https://photo.anselmi.ind.br/Fotos/47584_02.jpg
028682,PRETO,https://photo.anselmi.ind.br/Fotos/28682_preto.jpg
011216,10,https://photo.anselmi.ind.br/Fotos/11216_10.jpg
047562,01,https://photo.anselmi.ind.br/Fotos/47562_01.jpg
015649,10,https://photo.anselmi.ind.br/Fotos/15649_10.jpg
047433,02,https://photo.anselmi.ind.br/Fotos/47433_02.jpg
012929,01,https://photo.anselmi.ind.br/Fotos/12929_01.jpg
047528,12,https://photo.anselmi.ind.br/Fotos/47528_12.jpg
029533,10,https://photo.anselmi.ind.br/Fotos/29533_10.jpg
047526,02,https://photo.anselmi.ind.br/Fotos/47526_02.jpg
047541,01,https://photo.anselmi.ind.br/Fotos/47541_01.jpg
047791,P,https://photo.anselmi.ind.br/Fotos/47791_p.jpg
047432,02,https://photo.anselmi.ind.br/Fotos/47432_02.jpg
015354,10,https://photo.anselmi.ind.br/Fotos/15354_10.jpg
011537,D57,https://photo.anselmi.ind.br/Fotos/11537_d57.jpg
047456,10,https://photo.anselmi.ind.br/Fotos/47456_10.jpg
027064,04,https://photo.anselmi.ind.br/Fotos/27064_04.jpg
016284,10,https://photo.anselmi.ind.br/Fotos/16284_10.jpg
010297,01,https://photo.anselmi.ind.br/Fotos/10297_01.jpg
012463,10,https://photo.anselmi.ind.br/Fotos/12463_10.jpg
017954,10,https://photo.anselmi.ind.br/Fotos/17954_10.jpg
047449,03,https://photo.anselmi.ind.br/Fotos/47449_03.jpg
011323,178,https://photo.anselmi.ind.br/Fotos/11323_178.jpg
011763,E39,https://photo.anselmi.ind.br/Fotos/11763_e39.jpg
013281,02,https://photo.anselmi.ind.br/Fotos/13281_02.jpg
029739,01,https://photo.anselmi.ind.br/Fotos/29739_01.jpg
047519,02,https://photo.anselmi.ind.br/Fotos/47519_02.jpg
033507,LILAS,https://photo.anselmi.ind.br/Fotos/33507_lilas.jpg
012520,C84,https://photo.anselmi.ind.br/Fotos/12520_c84.jpg
047510,01,https://photo.anselmi.ind.br/Fotos/47510_01.jpg
047401,03,https://photo.anselmi.ind.br/Fotos/47401_03.jpg
012051,01,https://photo.anselmi.ind.br/Fotos/12051_01.jpg
047386,02,https://photo.anselmi.ind.br/Fotos/47386_02.jpg
027064,MARINHO,https://photo.anselmi.ind.br/Fotos/27064_marinho.jpg
012886,10,https://photo.anselmi.ind.br/Fotos/12886_10.jpg
046767,10,https://photo.anselmi.ind.br/Fotos/46767_10.jpg
027064,02,https://photo.anselmi.ind.br/Fotos/27064_02.jpg
029798,09,https://photo.anselmi.ind.br/Fotos/29798_09.jpg
047528,05,https://photo.anselmi.ind.br/Fotos/47528_05.jpg
015187,10,https://photo.anselmi.ind.br/Fotos/15187_10.jpg
046049,1648752479,https://photo.anselmi.ind.br/Fotos/46049_1648752479.jpg
019343,10,https://photo.anselmi.ind.br/Fotos/19343_10.jpg
027065,1627295668,https://photo.anselmi.ind.br/Fotos/27065_1627295668.jpg
018604,01,https://photo.anselmi.ind.br/Fotos/18604_01.jpg
016850,01,https://photo.anselmi.ind.br/Fotos/16850_01.jpg
010919,353,https://photo.anselmi.ind.br/Fotos/10919_353.jpg
027013,011,https://photo.anselmi.ind.br/Fotos/27013_011.jpg
011104,01,https://photo.anselmi.ind.br/Fotos/11104_01.jpg
047742,01,https://photo.anselmi.ind.br/Fotos/47742_01.jpg
011325,01,https://photo.anselmi.ind.br/Fotos/11325_01.jpg
047477,03,https://photo.anselmi.ind.br/Fotos/47477_03.jpg
047528,11,https://photo.anselmi.ind.br/Fotos/47528_11.jpg
012149,01,https://photo.anselmi.ind.br/Fotos/12149_01.jpg
011266,01,https://photo.anselmi.ind.br/Fotos/11266_01.jpg
019992,10,https://photo.anselmi.ind.br/Fotos/19992_10.jpg
029856,ESPERALDA,https://photo.anselmi.ind.br/Fotos/29856_esperalda.jpg
010285,03,https://photo.anselmi.ind.br/Fotos/10285_03.jpg
028663,1,https://photo.anselmi.ind.br/Fotos/28663_1.jpg
012177,01,https://photo.anselmi.ind.br/Fotos/12177_01.jpg
017430,10,https://photo.anselmi.ind.br/Fotos/17430_10.jpg
012741,D51,https://photo.anselmi.ind.br/Fotos/12741_d51.jpg
029798,02,https://photo.anselmi.ind.br/Fotos/29798_02.jpg
012582,10,https://photo.anselmi.ind.br/Fotos/12582_10.jpg
047426,03,https://photo.anselmi.ind.br/Fotos/47426_03.jpg
046705,10,https://photo.anselmi.ind.br/Fotos/46705_10.jpg
011683,10,https://photo.anselmi.ind.br/Fotos/11683_10.jpg
016184,10,https://photo.anselmi.ind.br/Fotos/16184_10.jpg
015007,10,https://photo.anselmi.ind.br/Fotos/15007_10.jpg
027160,10,https://photo.anselmi.ind.br/Fotos/27160_10.jpg
047507,01,https://photo.anselmi.ind.br/Fotos/47507_01.jpg
047403,02,https://photo.anselmi.ind.br/Fotos/47403_02.jpg
046531,R27,https://photo.anselmi.ind.br/Fotos/46531_r27.jpg
047522,02,https://photo.anselmi.ind.br/Fotos/47522_02.jpg
047561,03,https://photo.anselmi.ind.br/Fotos/47561_03.jpg
015016,E75,https://photo.anselmi.ind.br/Fotos/15016_e75.jpg
029422,08,https://photo.anselmi.ind.br/Fotos/29422_08.jpg
017118,10,https://photo.anselmi.ind.br/Fotos/17118_10.jpg
016133,01,https://photo.anselmi.ind.br/Fotos/16133_01.jpg
027912,01,https://photo.anselmi.ind.br/Fotos/27912_01.jpg
010301,01,https://photo.anselmi.ind.br/Fotos/10301_01.jpg
047407,01,https://photo.anselmi.ind.br/Fotos/47407_01.jpg
046816,02,https://photo.anselmi.ind.br/Fotos/46816_02.jpg
012947,D57,https://photo.anselmi.ind.br/Fotos/12947_d57.jpg
012231,10,https://photo.anselmi.ind.br/Fotos/12231_10.jpg
047339,02,https://photo.anselmi.ind.br/Fotos/47339_02.jpg
018784,10,https://photo.anselmi.ind.br/Fotos/18784_10.jpg
047699,11,https://photo.anselmi.ind.br/Fotos/47699_11.jpg
047518,01,https://photo.anselmi.ind.br/Fotos/47518_01.jpg
047424,01,https://photo.anselmi.ind.br/Fotos/47424_01.jpg
014603,10,https://photo.anselmi.ind.br/Fotos/14603_10.jpg
047453,03,https://photo.anselmi.ind.br/Fotos/47453_03.jpg
047562,02,https://photo.anselmi.ind.br/Fotos/47562_02.jpg
012337,01,https://photo.anselmi.ind.br/Fotos/12337_01.jpg
047561,06,https://photo.anselmi.ind.br/Fotos/47561_06.jpg
012983,10,https://photo.anselmi.ind.br/Fotos/12983_10.jpg
015309,10,https://photo.anselmi.ind.br/Fotos/15309_10.jpg
012634,01,https://photo.anselmi.ind.br/Fotos/12634_01.jpg
018934,02,https://photo.anselmi.ind.br/Fotos/18934_02.jpg
010568,10,https://photo.anselmi.ind.br/Fotos/10568_10.jpg
047541,02,https://photo.anselmi.ind.br/Fotos/47541_02.jpg
012554,10,https://photo.anselmi.ind.br/Fotos/12554_10.jpg
029422,11,https://photo.anselmi.ind.br/Fotos/29422_11.jpg
012434,01,https://photo.anselmi.ind.br/Fotos/12434_01.jpg
047517,02,https://photo.anselmi.ind.br/Fotos/47517_02.jpg
010099,01,https://photo.anselmi.ind.br/Fotos/10099_01.jpg
015021,C25,https://photo.anselmi.ind.br/Fotos/15021_c25.jpg
046011,01,https://photo.anselmi.ind.br/Fotos/46011_01.jpg
013740,10,https://photo.anselmi.ind.br/Fotos/13740_10.jpg
047354,04,https://photo.anselmi.ind.br/Fotos/47354_04.jpg
047423,03,https://photo.anselmi.ind.br/Fotos/47423_03.jpg
011338,10,https://photo.anselmi.ind.br/Fotos/11338_10.jpg
011331,03,https://photo.anselmi.ind.br/Fotos/11331_03.jpg
018893,10,https://photo.anselmi.ind.br/Fotos/18893_10.jpg
047510,02,https://photo.anselmi.ind.br/Fotos/47510_02.jpg
029104,BEGE,https://photo.anselmi.ind.br/Fotos/29104_bege.jpg
011034,03,https://photo.anselmi.ind.br/Fotos/11034_03.jpg
013404,10,https://photo.anselmi.ind.br/Fotos/13404_10.jpg
027506,19,https://photo.anselmi.ind.br/Fotos/27506_19.jpg
047595,01,https://photo.anselmi.ind.br/Fotos/47595_01.jpg
010345,01,https://photo.anselmi.ind.br/Fotos/10345_01.jpg
047676,11,https://photo.anselmi.ind.br/Fotos/47676_11.jpg
046094,01,https://photo.anselmi.ind.br/Fotos/46094_01.jpg
010715,03,https://photo.anselmi.ind.br/Fotos/10715_03.jpg
012519,01,https://photo.anselmi.ind.br/Fotos/12519_01.jpg
047778,P22,https://photo.anselmi.ind.br/Fotos/47778_p22.jpg
046567,10,https://photo.anselmi.ind.br/Fotos/46567_10.jpg
012149,02,https://photo.anselmi.ind.br/Fotos/12149_02.jpg
047465,01,https://photo.anselmi.ind.br/Fotos/47465_01.jpg
046276,01,https://photo.anselmi.ind.br/Fotos/46276_01.jpg
012465,03,https://photo.anselmi.ind.br/Fotos/12465_03.jpg
027794,1606125437,https://photo.anselmi.ind.br/Fotos/27794_1606125437.jpg
012985,01,https://photo.anselmi.ind.br/Fotos/12985_01.jpg
016133,04,https://photo.anselmi.ind.br/Fotos/16133_04.jpg
016591,MOCA,https://photo.anselmi.ind.br/Fotos/16591_moca.jpg
047721,11,https://photo.anselmi.ind.br/Fotos/47721_11.jpg
012599,10,https://photo.anselmi.ind.br/Fotos/12599_10.jpg
017075,10,https://photo.anselmi.ind.br/Fotos/17075_10.jpg
012428,01,https://photo.anselmi.ind.br/Fotos/12428_01.jpg
029828,D57,https://photo.anselmi.ind.br/Fotos/29828_d57.jpg
046654,A98,https://photo.anselmi.ind.br/Fotos/46654_a98.jpg
016895,01,https://photo.anselmi.ind.br/Fotos/16895_01.jpg
047728,11,https://photo.anselmi.ind.br/Fotos/47728_11.jpg
046711,10,https://photo.anselmi.ind.br/Fotos/46711_10.jpg
047405,10,https://photo.anselmi.ind.br/Fotos/47405_10.jpg
046226,10,https://photo.anselmi.ind.br/Fotos/46226_10.jpg
016989,762,https://photo.anselmi.ind.br/Fotos/16989_762.jpg
047501,03,https://photo.anselmi.ind.br/Fotos/47501_03.jpg
018897,01,https://photo.anselmi.ind.br/Fotos/18897_01.jpg
012337,04,https://photo.anselmi.ind.br/Fotos/12337_04.jpg
011360,10,https://photo.anselmi.ind.br/Fotos/11360_10.jpg
016133,02,https://photo.anselmi.ind.br/Fotos/16133_02.jpg
012634,04,https://photo.anselmi.ind.br/Fotos/12634_04.jpg
013080,E60,https://photo.anselmi.ind.br/Fotos/13080_e60.jpg
047541,06,https://photo.anselmi.ind.br/Fotos/47541_06.jpg
010636,10,https://photo.anselmi.ind.br/Fotos/10636_10.jpg
011564,AZUL,https://photo.anselmi.ind.br/Fotos/11564_azul.jpg
027941,1,https://photo.anselmi.ind.br/Fotos/27941_1.jpg
047577,03,https://photo.anselmi.ind.br/Fotos/47577_03.jpg
012434,04,https://photo.anselmi.ind.br/Fotos/12434_04.jpg
032908,01,https://photo.anselmi.ind.br/Fotos/32908_01.jpg
047284,01,https://photo.anselmi.ind.br/Fotos/47284_01.jpg
012365,E60,https://photo.anselmi.ind.br/Fotos/12365_e60.jpg
011526,01,https://photo.anselmi.ind.br/Fotos/11526_01.jpg
012337,02,https://photo.anselmi.ind.br/Fotos/12337_02.jpg
018786,D52,https://photo.anselmi.ind.br/Fotos/18786_d52.jpg
010730,01,https://photo.anselmi.ind.br/Fotos/10730_01.jpg
047820,11,https://photo.anselmi.ind.br/Fotos/47820_11.jpg
012444,10,https://photo.anselmi.ind.br/Fotos/12444_10.jpg
047543,10,https://photo.anselmi.ind.br/Fotos/47543_10.jpg
046796,10,https://photo.anselmi.ind.br/Fotos/46796_10.jpg
017550,10,https://photo.anselmi.ind.br/Fotos/17550_10.jpg
012643,01,https://photo.anselmi.ind.br/Fotos/12643_01.jpg
013144,10,https://photo.anselmi.ind.br/Fotos/13144_10.jpg
029221,BEGE,https://photo.anselmi.ind.br/Fotos/29221_bege.jpg
012434,02,https://photo.anselmi.ind.br/Fotos/12434_02.jpg
010734,03,https://photo.anselmi.ind.br/Fotos/10734_03.jpg
014378,01,https://photo.anselmi.ind.br/Fotos/14378_01.jpg
012247,10,https://photo.anselmi.ind.br/Fotos/12247_10.jpg
011689,C59,https://photo.anselmi.ind.br/Fotos/11689_c59.jpg
010285,01,https://photo.anselmi.ind.br/Fotos/10285_01.jpg
046593,01,https://photo.anselmi.ind.br/Fotos/46593_01.jpg
014471,01,https://photo.anselmi.ind.br/Fotos/14471_01.jpg
047346,01,https://photo.anselmi.ind.br/Fotos/47346_01.jpg
028751,BEGE,https://photo.anselmi.ind.br/Fotos/28751_bege.jpg
011928,01,https://photo.anselmi.ind.br/Fotos/11928_01.jpg
016164,P66,https://photo.anselmi.ind.br/Fotos/16164_p66.jpg
047570,10,https://photo.anselmi.ind.br/Fotos/47570_10.jpg
015196,01,https://photo.anselmi.ind.br/Fotos/15196_01.jpg
047426,01,https://photo.anselmi.ind.br/Fotos/47426_01.jpg
010207,01,https://photo.anselmi.ind.br/Fotos/10207_01.jpg
016849,2,https://photo.anselmi.ind.br/Fotos/16849_2.jpg
029533,0,https://photo.anselmi.ind.br/Fotos/29533_0.jpg
046763,07,https://photo.anselmi.ind.br/Fotos/46763_07.jpg
015887,10,https://photo.anselmi.ind.br/Fotos/15887_10.jpg
010404,01,https://photo.anselmi.ind.br/Fotos/10404_01.jpg
011397,01,https://photo.anselmi.ind.br/Fotos/11397_01.jpg
028311,BRANCO,https://photo.anselmi.ind.br/Fotos/28311_branco.jpg
047561,01,https://photo.anselmi.ind.br/Fotos/47561_01.jpg
027257,BEGE,https://photo.anselmi.ind.br/Fotos/27257_bege.jpg
019002,10,https://photo.anselmi.ind.br/Fotos/19002_10.jpg
018883,01,https://photo.anselmi.ind.br/Fotos/18883_01.jpg
046823,E27,https://photo.anselmi.ind.br/Fotos/46823_e27.jpg
013285,10,https://photo.anselmi.ind.br/Fotos/13285_10.jpg
012696,10,https://photo.anselmi.ind.br/Fotos/12696_10.jpg
047435,01,https://photo.anselmi.ind.br/Fotos/47435_01.jpg
011034,10,https://photo.anselmi.ind.br/Fotos/11034_10.jpg
015016,10,https://photo.anselmi.ind.br/Fotos/15016_10.jpg
027065,BEGE,https://photo.anselmi.ind.br/Fotos/27065_bege.jpg
029889,2,https://photo.anselmi.ind.br/Fotos/29889_2.jpg
016971,10,https://photo.anselmi.ind.br/Fotos/16971_10.jpg
012881,E56,https://photo.anselmi.ind.br/Fotos/12881_e56.jpg
015105,998,https://photo.anselmi.ind.br/Fotos/15105_998.jpg
047578,02,https://photo.anselmi.ind.br/Fotos/47578_02.jpg
028177,COR3,https://photo.anselmi.ind.br/Fotos/28177_cor3.jpg
012967,324,https://photo.anselmi.ind.br/Fotos/12967_324.jpg
013443,10,https://photo.anselmi.ind.br/Fotos/13443_10.jpg
012507,04,https://photo.anselmi.ind.br/Fotos/12507_04.jpg
012641,01,https://photo.anselmi.ind.br/Fotos/12641_01.jpg
018896,01,https://photo.anselmi.ind.br/Fotos/18896_01.jpg
018969,10,https://photo.anselmi.ind.br/Fotos/18969_10.jpg
010290,01,https://photo.anselmi.ind.br/Fotos/10290_01.jpg
047504,10,https://photo.anselmi.ind.br/Fotos/47504_10.jpg
011330,01,https://photo.anselmi.ind.br/Fotos/11330_01.jpg
012465,10,https://photo.anselmi.ind.br/Fotos/12465_10.jpg
028869,1620300433,https://photo.anselmi.ind.br/Fotos/28869_1620300433.jpg
046896,E20,https://photo.anselmi.ind.br/Fotos/46896_e20.jpg
046761,AZUL,https://photo.anselmi.ind.br/Fotos/46761_azul.jpg
046356,1634562597,https://photo.anselmi.ind.br/Fotos/46356_1634562597.jpg
028894,OFF,https://photo.anselmi.ind.br/Fotos/28894_off.jpg
013200,01,https://photo.anselmi.ind.br/Fotos/13200_01.jpg
016974,AZUL,https://photo.anselmi.ind.br/Fotos/16974_azul.jpg
010776,01,https://photo.anselmi.ind.br/Fotos/10776_01.jpg
046710,10,https://photo.anselmi.ind.br/Fotos/46710_10.jpg
046045,06,https://photo.anselmi.ind.br/Fotos/46045_06.jpg
010641,01,https://photo.anselmi.ind.br/Fotos/10641_01.jpg
013310,C59,https://photo.anselmi.ind.br/Fotos/13310_c59.jpg
012507,02,https://photo.anselmi.ind.br/Fotos/12507_02.jpg
047675,11,https://photo.anselmi.ind.br/Fotos/47675_11.jpg
047531,02,https://photo.anselmi.ind.br/Fotos/47531_02.jpg
010256,10,https://photo.anselmi.ind.br/Fotos/10256_10.jpg
018964,01,https://photo.anselmi.ind.br/Fotos/18964_01.jpg
011331,01,https://photo.anselmi.ind.br/Fotos/11331_01.jpg
016190,10,https://photo.anselmi.ind.br/Fotos/16190_10.jpg
011727,01,https://photo.anselmi.ind.br/Fotos/11727_01.jpg
026414,1626263479,https://photo.anselmi.ind.br/Fotos/26414_1626263479.jpg
027803,GOLA,https://photo.anselmi.ind.br/Fotos/27803_gola.jpg
018952,01,https://photo.anselmi.ind.br/Fotos/18952_01.jpg
014648,05,https://photo.anselmi.ind.br/Fotos/14648_05.jpg
047479,01,https://photo.anselmi.ind.br/Fotos/47479_01.jpg
028831,10,https://photo.anselmi.ind.br/Fotos/28831_10.jpg
018959,10,https://photo.anselmi.ind.br/Fotos/18959_10.jpg
018456,2,https://photo.anselmi.ind.br/Fotos/18456_2.jpg
010467,10,https://photo.anselmi.ind.br/Fotos/10467_10.jpg
029370,10,https://photo.anselmi.ind.br/Fotos/29370_10.jpg
015308,10,https://photo.anselmi.ind.br/Fotos/15308_10.jpg
029330,1583944786,https://photo.anselmi.ind.br/Fotos/29330_1583944786.jpg
026910,OLIVA,https://photo.anselmi.ind.br/Fotos/26910_oliva.jpg
018386,10,https://photo.anselmi.ind.br/Fotos/18386_10.jpg
047399,04,https://photo.anselmi.ind.br/Fotos/47399_04.jpg
032970,1,https://photo.anselmi.ind.br/Fotos/32970_1.jpg
027506,12,https://photo.anselmi.ind.br/Fotos/27506_12.jpg
046154,CAMELO,https://photo.anselmi.ind.br/Fotos/46154_camelo.jpg
010222,01,https://photo.anselmi.ind.br/Fotos/10222_01.jpg
012939,02,https://photo.anselmi.ind.br/Fotos/12939_02.jpg
046531,10,https://photo.anselmi.ind.br/Fotos/46531_10.jpg
013319,10,https://photo.anselmi.ind.br/Fotos/13319_10.jpg
047350,02,https://photo.anselmi.ind.br/Fotos/47350_02.jpg
010285,02,https://photo.anselmi.ind.br/Fotos/10285_02.jpg
015344,01,https://photo.anselmi.ind.br/Fotos/15344_01.jpg
029877,A29,https://photo.anselmi.ind.br/Fotos/29877_a29.jpg
047559,01,https://photo.anselmi.ind.br/Fotos/47559_01.jpg
047528,08,https://photo.anselmi.ind.br/Fotos/47528_08.jpg
047426,02,https://photo.anselmi.ind.br/Fotos/47426_02.jpg
018951,01,https://photo.anselmi.ind.br/Fotos/18951_01.jpg
047501,01,https://photo.anselmi.ind.br/Fotos/47501_01.jpg
047561,02,https://photo.anselmi.ind.br/Fotos/47561_02.jpg
047446,01,https://photo.anselmi.ind.br/Fotos/47446_01.jpg
012557,03,https://photo.anselmi.ind.br/Fotos/12557_03.jpg
046761,VERDE,https://photo.anselmi.ind.br/Fotos/46761_verde.jpg
012568,C32,https://photo.anselmi.ind.br/Fotos/12568_c32.jpg
010711,01,https://photo.anselmi.ind.br/Fotos/10711_01.jpg
047667,10,https://photo.anselmi.ind.br/Fotos/47667_10.jpg
013491,01,https://photo.anselmi.ind.br/Fotos/13491_01.jpg
012445,01,https://photo.anselmi.ind.br/Fotos/12445_01.jpg
010224,01,https://photo.anselmi.ind.br/Fotos/10224_01.jpg
047435,02,https://photo.anselmi.ind.br/Fotos/47435_02.jpg
046052,C84,https://photo.anselmi.ind.br/Fotos/46052_c84.jpg
010578,02,https://photo.anselmi.ind.br/Fotos/10578_02.jpg
027506,20,https://photo.anselmi.ind.br/Fotos/27506_20.jpg
047405,07,https://photo.anselmi.ind.br/Fotos/47405_07.jpg
027160,PRETO,https://photo.anselmi.ind.br/Fotos/27160_preto.jpg
011991,01,https://photo.anselmi.ind.br/Fotos/11991_01.jpg
019328,10,https://photo.anselmi.ind.br/Fotos/19328_10.jpg
013358,01,https://photo.anselmi.ind.br/Fotos/13358_01.jpg
046677,11,https://photo.anselmi.ind.br/Fotos/46677_11.jpg
018896,02,https://photo.anselmi.ind.br/Fotos/18896_02.jpg
047405,03,https://photo.anselmi.ind.br/Fotos/47405_03.jpg
012269,11,https://photo.anselmi.ind.br/Fotos/12269_11.jpg
014422,01,https://photo.anselmi.ind.br/Fotos/14422_01.jpg
046915,10,https://photo.anselmi.ind.br/Fotos/46915_10.jpg
028188,BEGE,https://photo.anselmi.ind.br/Fotos/28188_bege.jpg
012759,04,https://photo.anselmi.ind.br/Fotos/12759_04.jpg
012041,10,https://photo.anselmi.ind.br/Fotos/12041_10.jpg
011727,04,https://photo.anselmi.ind.br/Fotos/11727_04.jpg
029086,1620300438,https://photo.anselmi.ind.br/Fotos/29086_1620300438.jpg
013200,02,https://photo.anselmi.ind.br/Fotos/13200_02.jpg
028408,1620300424,https://photo.anselmi.ind.br/Fotos/28408_1620300424.jpg
027794,1584384894,https://photo.anselmi.ind.br/Fotos/27794_1584384894.jpg
012449,10,https://photo.anselmi.ind.br/Fotos/12449_10.jpg
014320,05,https://photo.anselmi.ind.br/Fotos/14320_05.jpg
029879,1620300444,https://photo.anselmi.ind.br/Fotos/29879_1620300444.jpg
010039,01,https://photo.anselmi.ind.br/Fotos/10039_01.jpg
011193,10,https://photo.anselmi.ind.br/Fotos/11193_10.jpg
010734,01,https://photo.anselmi.ind.br/Fotos/10734_01.jpg
047544,01,https://photo.anselmi.ind.br/Fotos/47544_01.jpg
027544,03,https://photo.anselmi.ind.br/Fotos/27544_03.jpg
045926,07,https://photo.anselmi.ind.br/Fotos/45926_07.jpg
014452,10,https://photo.anselmi.ind.br/Fotos/14452_10.jpg
047212,02,https://photo.anselmi.ind.br/Fotos/47212_02.jpg
011331,02,https://photo.anselmi.ind.br/Fotos/11331_02.jpg
015833,10,https://photo.anselmi.ind.br/Fotos/15833_10.jpg
012033,10,https://photo.anselmi.ind.br/Fotos/12033_10.jpg
011727,02,https://photo.anselmi.ind.br/Fotos/11727_02.jpg
046888,01,https://photo.anselmi.ind.br/Fotos/46888_01.jpg
029898,06,https://photo.anselmi.ind.br/Fotos/29898_06.jpg
046912,01,https://photo.anselmi.ind.br/Fotos/46912_01.jpg
046004,04,https://photo.anselmi.ind.br/Fotos/46004_04.jpg
047479,02,https://photo.anselmi.ind.br/Fotos/47479_02.jpg
010712,01,https://photo.anselmi.ind.br/Fotos/10712_01.jpg
047541,04,https://photo.anselmi.ind.br/Fotos/47541_04.jpg
012425,01,https://photo.anselmi.ind.br/Fotos/12425_01.jpg
014962,C25,https://photo.anselmi.ind.br/Fotos/14962_c25.jpg
046957,4,https://photo.anselmi.ind.br/Fotos/46957_4.jpg
047370,07,https://photo.anselmi.ind.br/Fotos/47370_07.jpg
012074,10,https://photo.anselmi.ind.br/Fotos/12074_10.jpg
012238,10,https://photo.anselmi.ind.br/Fotos/12238_10.jpg
012967,10,https://photo.anselmi.ind.br/Fotos/12967_10.jpg
012929,02,https://photo.anselmi.ind.br/Fotos/12929_02.jpg
018460,1,https://photo.anselmi.ind.br/Fotos/18460_1.jpg
046004,02,https://photo.anselmi.ind.br/Fotos/46004_02.jpg
046929,10,https://photo.anselmi.ind.br/Fotos/46929_10.jpg
047444,01,https://photo.anselmi.ind.br/Fotos/47444_01.jpg
046154,02,https://photo.anselmi.ind.br/Fotos/46154_02.jpg
012809,01,https://photo.anselmi.ind.br/Fotos/12809_01.jpg
047549,03,https://photo.anselmi.ind.br/Fotos/47549_03.jpg
045926,06,https://photo.anselmi.ind.br/Fotos/45926_06.jpg
012582,01,https://photo.anselmi.ind.br/Fotos/12582_01.jpg
011461,D25,https://photo.anselmi.ind.br/Fotos/11461_d25.jpg
027160,CAMELO,https://photo.anselmi.ind.br/Fotos/27160_camelo.jpg
047680,01,https://photo.anselmi.ind.br/Fotos/47680_01.jpg
013285,A98,https://photo.anselmi.ind.br/Fotos/13285_a98.jpg
047559,02,https://photo.anselmi.ind.br/Fotos/47559_02.jpg
014833,10,https://photo.anselmi.ind.br/Fotos/14833_10.jpg
028456,1590608384,https://photo.anselmi.ind.br/Fotos/28456_1590608384.jpg
012947,10,https://photo.anselmi.ind.br/Fotos/12947_10.jpg
047453,06,https://photo.anselmi.ind.br/Fotos/47453_06.jpg
047501,02,https://photo.anselmi.ind.br/Fotos/47501_02.jpg
028688,FRENTE,https://photo.anselmi.ind.br/Fotos/28688_frente.jpg
047448,01,https://photo.anselmi.ind.br/Fotos/47448_01.jpg
047557,01,https://photo.anselmi.ind.br/Fotos/47557_01.jpg
047446,02,https://photo.anselmi.ind.br/Fotos/47446_02.jpg
026953,1,https://photo.anselmi.ind.br/Fotos/26953_1.jpg
047469,01,https://photo.anselmi.ind.br/Fotos/47469_01.jpg
047565,03,https://photo.anselmi.ind.br/Fotos/47565_03.jpg
046247,01,https://photo.anselmi.ind.br/Fotos/46247_01.jpg
013443,A98,https://photo.anselmi.ind.br/Fotos/13443_a98.jpg
046887,03,https://photo.anselmi.ind.br/Fotos/46887_03.jpg
047481,03,https://photo.anselmi.ind.br/Fotos/47481_03.jpg
019087,01,https://photo.anselmi.ind.br/Fotos/19087_01.jpg
046712,10,https://photo.anselmi.ind.br/Fotos/46712_10.jpg
015758,01,https://photo.anselmi.ind.br/Fotos/15758_01.jpg
013185,10,https://photo.anselmi.ind.br/Fotos/13185_10.jpg
013187,10,https://photo.anselmi.ind.br/Fotos/13187_10.jpg
047776,P39,https://photo.anselmi.ind.br/Fotos/47776_p39.jpg
011389,01,https://photo.anselmi.ind.br/Fotos/11389_01.jpg
047298,04,https://photo.anselmi.ind.br/Fotos/47298_04.jpg
010265,01,https://photo.anselmi.ind.br/Fotos/10265_01.jpg
012629,10,https://photo.anselmi.ind.br/Fotos/12629_10.jpg
018996,10,https://photo.anselmi.ind.br/Fotos/18996_10.jpg
047507,04,https://photo.anselmi.ind.br/Fotos/47507_04.jpg
047457,05,https://photo.anselmi.ind.br/Fotos/47457_05.jpg
029144,01,https://photo.anselmi.ind.br/Fotos/29144_01.jpg
016190,A98,https://photo.anselmi.ind.br/Fotos/16190_a98.jpg
029104,CINZA,https://photo.anselmi.ind.br/Fotos/29104_cinza.jpg
010734,02,https://photo.anselmi.ind.br/Fotos/10734_02.jpg
029768,05,https://photo.anselmi.ind.br/Fotos/29768_05.jpg
047720,11,https://photo.anselmi.ind.br/Fotos/47720_11.jpg
010306,01,https://photo.anselmi.ind.br/Fotos/10306_01.jpg
011338,01,https://photo.anselmi.ind.br/Fotos/11338_01.jpg
047507,02,https://photo.anselmi.ind.br/Fotos/47507_02.jpg
032480,10,https://photo.anselmi.ind.br/Fotos/32480_10.jpg
029370,07,https://photo.anselmi.ind.br/Fotos/29370_07.jpg
016399,10,https://photo.anselmi.ind.br/Fotos/16399_10.jpg
014558,353,https://photo.anselmi.ind.br/Fotos/14558_353.jpg
027601,03,https://photo.anselmi.ind.br/Fotos/27601_03.jpg
012401,10,https://photo.anselmi.ind.br/Fotos/12401_10.jpg
047459,01,https://photo.anselmi.ind.br/Fotos/47459_01.jpg
047681,10,https://photo.anselmi.ind.br/Fotos/47681_10.jpg
011377,10,https://photo.anselmi.ind.br/Fotos/11377_10.jpg
026490,2,https://photo.anselmi.ind.br/Fotos/26490_2.jpg
046912,02,https://photo.anselmi.ind.br/Fotos/46912_02.jpg
010712,02,https://photo.anselmi.ind.br/Fotos/10712_02.jpg
047449,01,https://photo.anselmi.ind.br/Fotos/47449_01.jpg
046045,04,https://photo.anselmi.ind.br/Fotos/46045_04.jpg
029194,TESTE,https://photo.anselmi.ind.br/Fotos/29194_teste.jpg
015218,01,https://photo.anselmi.ind.br/Fotos/15218_01.jpg
045827,1616176309,https://photo.anselmi.ind.br/Fotos/45827_1616176309.jpg
012197,10,https://photo.anselmi.ind.br/Fotos/12197_10.jpg
047518,02,https://photo.anselmi.ind.br/Fotos/47518_02.jpg
046394,01,https://photo.anselmi.ind.br/Fotos/46394_01.jpg
046011,04,https://photo.anselmi.ind.br/Fotos/46011_04.jpg
010323,10,https://photo.anselmi.ind.br/Fotos/10323_10.jpg
012650,10,https://photo.anselmi.ind.br/Fotos/12650_10.jpg
013312,10,https://photo.anselmi.ind.br/Fotos/13312_10.jpg
029828,10,https://photo.anselmi.ind.br/Fotos/29828_10.jpg
027506,15,https://photo.anselmi.ind.br/Fotos/27506_15.jpg
017083,C25,https://photo.anselmi.ind.br/Fotos/17083_c25.jpg
011334,01,https://photo.anselmi.ind.br/Fotos/11334_01.jpg
029549,1583944786,https://photo.anselmi.ind.br/Fotos/29549_1583944786.jpg
046763,02,https://photo.anselmi.ind.br/Fotos/46763_02.jpg
045961,10,https://photo.anselmi.ind.br/Fotos/45961_10.jpg
029421,1621531107,https://photo.anselmi.ind.br/Fotos/29421_1621531107.jpg
046864,10,https://photo.anselmi.ind.br/Fotos/46864_10.jpg
047455,11,https://photo.anselmi.ind.br/Fotos/47455_11.jpg
047448,04,https://photo.anselmi.ind.br/Fotos/47448_04.jpg
011945,C25,https://photo.anselmi.ind.br/Fotos/11945_c25.jpg
012964,01,https://photo.anselmi.ind.br/Fotos/12964_01.jpg
047623,01,https://photo.anselmi.ind.br/Fotos/47623_01.jpg
012743,10,https://photo.anselmi.ind.br/Fotos/12743_10.jpg
012640,01,https://photo.anselmi.ind.br/Fotos/12640_01.jpg
012507,05,https://photo.anselmi.ind.br/Fotos/12507_05.jpg
047460,03,https://photo.anselmi.ind.br/Fotos/47460_03.jpg
012673,10,https://photo.anselmi.ind.br/Fotos/12673_10.jpg
046854,02,https://photo.anselmi.ind.br/Fotos/46854_02.jpg
033625,1691576733,https://photo.anselmi.ind.br/Fotos/33625_1691576733.jpg
017087,C25,https://photo.anselmi.ind.br/Fotos/17087_c25.jpg
029154,VERDE,https://photo.anselmi.ind.br/Fotos/29154_verde.jpg
013980,10,https://photo.anselmi.ind.br/Fotos/13980_10.jpg
012371,10,https://photo.anselmi.ind.br/Fotos/12371_10.jpg
046011,02,https://photo.anselmi.ind.br/Fotos/46011_02.jpg
010352,01,https://photo.anselmi.ind.br/Fotos/10352_01.jpg
010469,01,https://photo.anselmi.ind.br/Fotos/10469_01.jpg
047467,03,https://photo.anselmi.ind.br/Fotos/47467_03.jpg
010103,01,https://photo.anselmi.ind.br/Fotos/10103_01.jpg
047477,01,https://photo.anselmi.ind.br/Fotos/47477_01.jpg
012786,01,https://photo.anselmi.ind.br/Fotos/12786_01.jpg
046711,01,https://photo.anselmi.ind.br/Fotos/46711_01.jpg
047405,01,https://photo.anselmi.ind.br/Fotos/47405_01.jpg
029264,PRETO,https://photo.anselmi.ind.br/Fotos/29264_preto.jpg
047596,01,https://photo.anselmi.ind.br/Fotos/47596_01.jpg
045889,1629221492,https://photo.anselmi.ind.br/Fotos/45889_1629221492.jpg
012940,10,https://photo.anselmi.ind.br/Fotos/12940_10.jpg
047448,02,https://photo.anselmi.ind.br/Fotos/47448_02.jpg
047557,02,https://photo.anselmi.ind.br/Fotos/47557_02.jpg
012616,10,https://photo.anselmi.ind.br/Fotos/12616_10.jpg
011826,03,https://photo.anselmi.ind.br/Fotos/11826_03.jpg
047469,02,https://photo.anselmi.ind.br/Fotos/47469_02.jpg
029011,1620300436,https://photo.anselmi.ind.br/Fotos/29011_1620300436.jpg
046168,10,https://photo.anselmi.ind.br/Fotos/46168_10.jpg
047560,01,https://photo.anselmi.ind.br/Fotos/47560_01.jpg
047613,01,https://photo.anselmi.ind.br/Fotos/47613_01.jpg
047404,03,https://photo.anselmi.ind.br/Fotos/47404_03.jpg
010642,01,https://photo.anselmi.ind.br/Fotos/10642_01.jpg
019087,02,https://photo.anselmi.ind.br/Fotos/19087_02.jpg
027160,E34,https://photo.anselmi.ind.br/Fotos/27160_e34.jpg
016787,10,https://photo.anselmi.ind.br/Fotos/16787_10.jpg
015015,E75,https://photo.anselmi.ind.br/Fotos/15015_e75.jpg
013135,03,https://photo.anselmi.ind.br/Fotos/13135_03.jpg
010106,01,https://photo.anselmi.ind.br/Fotos/10106_01.jpg
012650,01,https://photo.anselmi.ind.br/Fotos/12650_01.jpg
011809,10,https://photo.anselmi.ind.br/Fotos/11809_10.jpg
047568,01,https://photo.anselmi.ind.br/Fotos/47568_01.jpg
047732,11,https://photo.anselmi.ind.br/Fotos/47732_11.jpg
029154,MILITAR,https://photo.anselmi.ind.br/Fotos/29154_militar.jpg
046957,05,https://photo.anselmi.ind.br/Fotos/46957_05.jpg
027562,10,https://photo.anselmi.ind.br/Fotos/27562_10.jpg
047465,02,https://photo.anselmi.ind.br/Fotos/47465_02.jpg
013177,B79,https://photo.anselmi.ind.br/Fotos/13177_b79.jpg
047543,01,https://photo.anselmi.ind.br/Fotos/47543_01.jpg
028458,1620300425,https://photo.anselmi.ind.br/Fotos/28458_1620300425.jpg
015919,1630935902,https://photo.anselmi.ind.br/Fotos/15919_1630935902.jpg
028751,CINZA,https://photo.anselmi.ind.br/Fotos/28751_cinza.jpg
012967,E41,https://photo.anselmi.ind.br/Fotos/12967_e41.jpg
047506,01,https://photo.anselmi.ind.br/Fotos/47506_01.jpg
047633,10,https://photo.anselmi.ind.br/Fotos/47633_10.jpg
047453,01,https://photo.anselmi.ind.br/Fotos/47453_01.jpg
047410,03,https://photo.anselmi.ind.br/Fotos/47410_03.jpg
028871,1646915381,https://photo.anselmi.ind.br/Fotos/28871_1646915381.jpg
033604,01,https://photo.anselmi.ind.br/Fotos/33604_01.jpg
046982,10,https://photo.anselmi.ind.br/Fotos/46982_10.jpg
012398,C25,https://photo.anselmi.ind.br/Fotos/12398_c25.jpg
047401,04,https://photo.anselmi.ind.br/Fotos/47401_04.jpg
027257,CINZA,https://photo.anselmi.ind.br/Fotos/27257_cinza.jpg
047549,01,https://photo.anselmi.ind.br/Fotos/47549_01.jpg
034011,09,https://photo.anselmi.ind.br/Fotos/34011_09.jpg
010165,01,https://photo.anselmi.ind.br/Fotos/10165_01.jpg
047459,02,https://photo.anselmi.ind.br/Fotos/47459_02.jpg
047449,02,https://photo.anselmi.ind.br/Fotos/47449_02.jpg
027065,CINZA,https://photo.anselmi.ind.br/Fotos/27065_cinza.jpg
046925,10,https://photo.anselmi.ind.br/Fotos/46925_10.jpg
047405,09,https://photo.anselmi.ind.br/Fotos/47405_09.jpg
047423,01,https://photo.anselmi.ind.br/Fotos/47423_01.jpg
029230,BEGE,https://photo.anselmi.ind.br/Fotos/29230_bege.jpg
028177,COR2,https://photo.anselmi.ind.br/Fotos/28177_cor2.jpg
012632,01,https://photo.anselmi.ind.br/Fotos/12632_01.jpg
014676,10,https://photo.anselmi.ind.br/Fotos/14676_10.jpg
047565,01,https://photo.anselmi.ind.br/Fotos/47565_01.jpg
047405,04,https://photo.anselmi.ind.br/Fotos/47405_04.jpg
047401,02,https://photo.anselmi.ind.br/Fotos/47401_02.jpg
012654,D25,https://photo.anselmi.ind.br/Fotos/12654_d25.jpg
013339,01,https://photo.anselmi.ind.br/Fotos/13339_01.jpg
046887,01,https://photo.anselmi.ind.br/Fotos/46887_01.jpg
029898,04,https://photo.anselmi.ind.br/Fotos/29898_04.jpg
029798,05,https://photo.anselmi.ind.br/Fotos/29798_05.jpg
046586,10,https://photo.anselmi.ind.br/Fotos/46586_10.jpg
011726,10,https://photo.anselmi.ind.br/Fotos/11726_10.jpg
047623,02,https://photo.anselmi.ind.br/Fotos/47623_02.jpg
012447,353,https://photo.anselmi.ind.br/Fotos/12447_353.jpg
012640,02,https://photo.anselmi.ind.br/Fotos/12640_02.jpg
012890,10,https://photo.anselmi.ind.br/Fotos/12890_10.jpg
011683,C25,https://photo.anselmi.ind.br/Fotos/11683_c25.jpg
013951,10,https://photo.anselmi.ind.br/Fotos/13951_10.jpg
028652,01,https://photo.anselmi.ind.br/Fotos/28652_01.jpg
046480,01,https://photo.anselmi.ind.br/Fotos/46480_01.jpg
047403,05,https://photo.anselmi.ind.br/Fotos/47403_05.jpg
013285,E60,https://photo.anselmi.ind.br/Fotos/13285_e60.jpg
010715,01,https://photo.anselmi.ind.br/Fotos/10715_01.jpg
012957,D25,https://photo.anselmi.ind.br/Fotos/12957_d25.jpg
047477,02,https://photo.anselmi.ind.br/Fotos/47477_02.jpg
047405,02,https://photo.anselmi.ind.br/Fotos/47405_02.jpg
047439,03,https://photo.anselmi.ind.br/Fotos/47439_03.jpg
015838,CINZA,https://photo.anselmi.ind.br/Fotos/15838_cinza.jpg
047640,01,https://photo.anselmi.ind.br/Fotos/47640_01.jpg
032322,01,https://photo.anselmi.ind.br/Fotos/32322_01.jpg
015016,E60,https://photo.anselmi.ind.br/Fotos/15016_e60.jpg
045926,09,https://photo.anselmi.ind.br/Fotos/45926_09.jpg
029326,1620300442,https://photo.anselmi.ind.br/Fotos/29326_1620300442.jpg
047613,02,https://photo.anselmi.ind.br/Fotos/47613_02.jpg
012846,01,https://photo.anselmi.ind.br/Fotos/12846_01.jpg
028663,2,https://photo.anselmi.ind.br/Fotos/28663_2.jpg
046596,10,https://photo.anselmi.ind.br/Fotos/46596_10.jpg
011835,C25,https://photo.anselmi.ind.br/Fotos/11835_c25.jpg
033198,01,https://photo.anselmi.ind.br/Fotos/33198_01.jpg
012676,10,https://photo.anselmi.ind.br/Fotos/12676_10.jpg
028682,CRU,https://photo.anselmi.ind.br/Fotos/28682_cru.jpg
012555,10,https://photo.anselmi.ind.br/Fotos/12555_10.jpg
000565,01,https://photo.anselmi.ind.br/Fotos/00565_01.jpg
013354,10,https://photo.anselmi.ind.br/Fotos/13354_10.jpg
027064,BEGE,https://photo.anselmi.ind.br/Fotos/27064_bege.jpg
028831,01,https://photo.anselmi.ind.br/Fotos/28831_01.jpg
017108,10,https://photo.anselmi.ind.br/Fotos/17108_10.jpg
013384,01,https://photo.anselmi.ind.br/Fotos/13384_01.jpg
028852,1,https://photo.anselmi.ind.br/Fotos/28852_1.jpg
011685,10,https://photo.anselmi.ind.br/Fotos/11685_10.jpg
015293,01,https://photo.anselmi.ind.br/Fotos/15293_01.jpg
047483,01,https://photo.anselmi.ind.br/Fotos/47483_01.jpg
047535,01,https://photo.anselmi.ind.br/Fotos/47535_01.jpg
047506,02,https://photo.anselmi.ind.br/Fotos/47506_02.jpg
047453,02,https://photo.anselmi.ind.br/Fotos/47453_02.jpg
011564,06,https://photo.anselmi.ind.br/Fotos/11564_06.jpg
018948,01,https://photo.anselmi.ind.br/Fotos/18948_01.jpg
046575,CAMELO,https://photo.anselmi.ind.br/Fotos/46575_camelo.jpg
046796,E34,https://photo.anselmi.ind.br/Fotos/46796_e34.jpg
012146,10,https://photo.anselmi.ind.br/Fotos/12146_10.jpg
047423,04,https://photo.anselmi.ind.br/Fotos/47423_04.jpg
011330,02,https://photo.anselmi.ind.br/Fotos/11330_02.jpg
029422,10,https://photo.anselmi.ind.br/Fotos/29422_10.jpg
046259,324,https://photo.anselmi.ind.br/Fotos/46259_324.jpg
046404,10,https://photo.anselmi.ind.br/Fotos/46404_10.jpg
028688,VERSO,https://photo.anselmi.ind.br/Fotos/28688_verso.jpg
047549,02,https://photo.anselmi.ind.br/Fotos/47549_02.jpg
011034,04,https://photo.anselmi.ind.br/Fotos/11034_04.jpg
047413,03,https://photo.anselmi.ind.br/Fotos/47413_03.jpg
019284,01,https://photo.anselmi.ind.br/Fotos/19284_01.jpg
010008,01,https://photo.anselmi.ind.br/Fotos/10008_01.jpg
019079,10,https://photo.anselmi.ind.br/Fotos/19079_10.jpg
047467,01,https://photo.anselmi.ind.br/Fotos/47467_01.jpg
046405,10,https://photo.anselmi.ind.br/Fotos/46405_10.jpg
010144,VERDE,https://photo.anselmi.ind.br/Fotos/10144_verde.jpg
015561,1590608354,https://photo.anselmi.ind.br/Fotos/15561_1590608354.jpg
012483,01,https://photo.anselmi.ind.br/Fotos/12483_01.jpg
047423,02,https://photo.anselmi.ind.br/Fotos/47423_02.jpg
018915,10,https://photo.anselmi.ind.br/Fotos/18915_10.jpg
012674,10,https://photo.anselmi.ind.br/Fotos/12674_10.jpg
047495,01,https://photo.anselmi.ind.br/Fotos/47495_01.jpg
011826,01,https://photo.anselmi.ind.br/Fotos/11826_01.jpg
047576,11,https://photo.anselmi.ind.br/Fotos/47576_11.jpg
047405,06,https://photo.anselmi.ind.br/Fotos/47405_06.jpg
011333,01,https://photo.anselmi.ind.br/Fotos/11333_01.jpg
047812,11,https://photo.anselmi.ind.br/Fotos/47812_11.jpg
015189,10,https://photo.anselmi.ind.br/Fotos/15189_10.jpg
046887,02,https://photo.anselmi.ind.br/Fotos/46887_02.jpg
028416,1620300425,https://photo.anselmi.ind.br/Fotos/28416_1620300425.jpg
010638,01,https://photo.anselmi.ind.br/Fotos/10638_01.jpg
047404,01,https://photo.anselmi.ind.br/Fotos/47404_01.jpg
047594,01,https://photo.anselmi.ind.br/Fotos/47594_01.jpg
017085,353,https://photo.anselmi.ind.br/Fotos/17085_353.jpg
011034,02,https://photo.anselmi.ind.br/Fotos/11034_02.jpg
028133,1590608380,https://photo.anselmi.ind.br/Fotos/28133_1590608380.jpg
029229,3,https://photo.anselmi.ind.br/Fotos/29229_3.jpg
013472,10,https://photo.anselmi.ind.br/Fotos/13472_10.jpg
016820,10,https://photo.anselmi.ind.br/Fotos/16820_10.jpg
033766,PRETO,https://photo.anselmi.ind.br/Fotos/33766_preto.jpg
028188,CINZA,https://photo.anselmi.ind.br/Fotos/28188_cinza.jpg
047383,03,https://photo.anselmi.ind.br/Fotos/47383_03.jpg
028652,02,https://photo.anselmi.ind.br/Fotos/28652_02.jpg
047470,02,https://photo.anselmi.ind.br/Fotos/47470_02.jpg
011392,V,https://photo.anselmi.ind.br/Fotos/11392_v.jpg
027544,06,https://photo.anselmi.ind.br/Fotos/27544_06.jpg
047507,05,https://photo.anselmi.ind.br/Fotos/47507_05.jpg
046053,C84,https://photo.anselmi.ind.br/Fotos/46053_c84.jpg
010715,02,https://photo.anselmi.ind.br/Fotos/10715_02.jpg
015015,10,https://photo.anselmi.ind.br/Fotos/15015_10.jpg
012465,02,https://photo.anselmi.ind.br/Fotos/12465_02.jpg
027912,05,https://photo.anselmi.ind.br/Fotos/27912_05.jpg
046973,01,https://photo.anselmi.ind.br/Fotos/46973_01.jpg
010273,10,https://photo.anselmi.ind.br/Fotos/10273_10.jpg
013777,10,https://photo.anselmi.ind.br/Fotos/13777_10.jpg
047502,01,https://photo.anselmi.ind.br/Fotos/47502_01.jpg
028735,1627295672,https://photo.anselmi.ind.br/Fotos/28735_1627295672.jpg
015068,10,https://photo.anselmi.ind.br/Fotos/15068_10.jpg
047410,01,https://photo.anselmi.ind.br/Fotos/47410_01.jpg
018685,01,https://photo.anselmi.ind.br/Fotos/18685_01.jpg
029310,OFF,https://photo.anselmi.ind.br/Fotos/29310_off.jpg
018962,01,https://photo.anselmi.ind.br/Fotos/18962_01.jpg
012337,05,https://photo.anselmi.ind.br/Fotos/12337_05.jpg
010022,10,https://photo.anselmi.ind.br/Fotos/10022_10.jpg
046328,C80,https://photo.anselmi.ind.br/Fotos/46328_c80.jpg
047665,10,https://photo.anselmi.ind.br/Fotos/47665_10.jpg
047281,10,https://photo.anselmi.ind.br/Fotos/47281_10.jpg
015198,10,https://photo.anselmi.ind.br/Fotos/15198_10.jpg
047371,03,https://photo.anselmi.ind.br/Fotos/47371_03.jpg
047512,02,https://photo.anselmi.ind.br/Fotos/47512_02.jpg
016057,01,https://photo.anselmi.ind.br/Fotos/16057_01.jpg
012445,02,https://photo.anselmi.ind.br/Fotos/12445_02.jpg
012967,C59,https://photo.anselmi.ind.br/Fotos/12967_c59.jpg
046011,05,https://photo.anselmi.ind.br/Fotos/46011_05.jpg
028871,AMARELO,https://photo.anselmi.ind.br/Fotos/28871_amarelo.jpg
047535,02,https://photo.anselmi.ind.br/Fotos/47535_02.jpg
012568,10,https://photo.anselmi.ind.br/Fotos/12568_10.jpg
012333,353,https://photo.anselmi.ind.br/Fotos/12333_353.jpg
047577,02,https://photo.anselmi.ind.br/Fotos/47577_02.jpg
000912,01,https://photo.anselmi.ind.br/Fotos/00912_01.jpg
016099,10,https://photo.anselmi.ind.br/Fotos/16099_10.jpg
047467,04,https://photo.anselmi.ind.br/Fotos/47467_04.jpg
047464,01,https://photo.anselmi.ind.br/Fotos/47464_01.jpg
018923,10,https://photo.anselmi.ind.br/Fotos/18923_10.jpg
047550,10,https://photo.anselmi.ind.br/Fotos/47550_10.jpg
047637,03,https://photo.anselmi.ind.br/Fotos/47637_03.jpg
027544,PRETO,https://photo.anselmi.ind.br/Fotos/27544_preto.jpg
046542,F,https://photo.anselmi.ind.br/Fotos/46542_f.jpg
012604,10,https://photo.anselmi.ind.br/Fotos/12604_10.jpg
014181,10,https://photo.anselmi.ind.br/Fotos/14181_10.jpg
020013,10,https://photo.anselmi.ind.br/Fotos/20013_10.jpg
046887,0,https://photo.anselmi.ind.br/Fotos/46887_0.jpg
012887,01,https://photo.anselmi.ind.br/Fotos/12887_01.jpg
047467,02,https://photo.anselmi.ind.br/Fotos/47467_02.jpg
013135,04,https://photo.anselmi.ind.br/Fotos/13135_04.jpg
028263,CAMELO,https://photo.anselmi.ind.br/Fotos/28263_camelo.jpg
013285,C25,https://photo.anselmi.ind.br/Fotos/13285_c25.jpg
047439,01,https://photo.anselmi.ind.br/Fotos/47439_01.jpg
012961,10,https://photo.anselmi.ind.br/Fotos/12961_10.jpg
011826,02,https://photo.anselmi.ind.br/Fotos/11826_02.jpg
026414,CAMELO,https://photo.anselmi.ind.br/Fotos/26414_camelo.jpg
046941,10,https://photo.anselmi.ind.br/Fotos/46941_10.jpg
047587,10,https://photo.anselmi.ind.br/Fotos/47587_10.jpg
015048,E75,https://photo.anselmi.ind.br/Fotos/15048_e75.jpg
045898,01,https://photo.anselmi.ind.br/Fotos/45898_01.jpg
047463,01,https://photo.anselmi.ind.br/Fotos/47463_01.jpg
013135,02,https://photo.anselmi.ind.br/Fotos/13135_02.jpg
047528,03,https://photo.anselmi.ind.br/Fotos/47528_03.jpg
046754,10,https://photo.anselmi.ind.br/Fotos/46754_10.jpg
016876,10,https://photo.anselmi.ind.br/Fotos/16876_10.jpg
012817,10,https://photo.anselmi.ind.br/Fotos/12817_10.jpg
047460,07,https://photo.anselmi.ind.br/Fotos/47460_07.jpg
029581,10,https://photo.anselmi.ind.br/Fotos/29581_10.jpg
046354,VERMELHO,https://photo.anselmi.ind.br/Fotos/46354_vermelho.jpg
046667,P71,https://photo.anselmi.ind.br/Fotos/46667_p71.jpg
012359,10,https://photo.anselmi.ind.br/Fotos/12359_10.jpg
046683,10,https://photo.anselmi.ind.br/Fotos/46683_10.jpg
046259,10,https://photo.anselmi.ind.br/Fotos/46259_10.jpg
012889,01,https://photo.anselmi.ind.br/Fotos/12889_01.jpg
047502,02,https://photo.anselmi.ind.br/Fotos/47502_02.jpg
010123,10,https://photo.anselmi.ind.br/Fotos/10123_10.jpg
027258,BEGE,https://photo.anselmi.ind.br/Fotos/27258_bege.jpg
013059,10,https://photo.anselmi.ind.br/Fotos/13059_10.jpg
018839,1642164995,https://photo.anselmi.ind.br/Fotos/18839_1642164995.jpg
029334,1590608391,https://photo.anselmi.ind.br/Fotos/29334_1590608391.jpg
025062,10,https://photo.anselmi.ind.br/Fotos/25062_10.jpg
013302,10,https://photo.anselmi.ind.br/Fotos/13302_10.jpg
029460,1583944786,https://photo.anselmi.ind.br/Fotos/29460_1583944786.jpg
010124,01,https://photo.anselmi.ind.br/Fotos/10124_01.jpg
010639,C25,https://photo.anselmi.ind.br/Fotos/10639_c25.jpg
046566,01,https://photo.anselmi.ind.br/Fotos/46566_01.jpg
015673,01,https://photo.anselmi.ind.br/Fotos/15673_01.jpg
047413,01,https://photo.anselmi.ind.br/Fotos/47413_01.jpg
011691,F,https://photo.anselmi.ind.br/Fotos/11691_f.jpg
046945,01,https://photo.anselmi.ind.br/Fotos/46945_01.jpg
046661,A67,https://photo.anselmi.ind.br/Fotos/46661_a67.jpg
012934,03,https://photo.anselmi.ind.br/Fotos/12934_03.jpg
010015,01,https://photo.anselmi.ind.br/Fotos/10015_01.jpg
012066,10,https://photo.anselmi.ind.br/Fotos/12066_10.jpg
010323,01,https://photo.anselmi.ind.br/Fotos/10323_01.jpg
011781,01,https://photo.anselmi.ind.br/Fotos/11781_01.jpg
014236,01,https://photo.anselmi.ind.br/Fotos/14236_01.jpg
010200,01,https://photo.anselmi.ind.br/Fotos/10200_01.jpg
012074,02,https://photo.anselmi.ind.br/Fotos/12074_02.jpg
045961,01,https://photo.anselmi.ind.br/Fotos/45961_01.jpg
046816,D57,https://photo.anselmi.ind.br/Fotos/46816_d57.jpg
029422,03,https://photo.anselmi.ind.br/Fotos/29422_03.jpg
047425,03,https://photo.anselmi.ind.br/Fotos/47425_03.jpg
012138,01,https://photo.anselmi.ind.br/Fotos/12138_01.jpg
046823,10,https://photo.anselmi.ind.br/Fotos/46823_10.jpg
047642,10,https://photo.anselmi.ind.br/Fotos/47642_10.jpg
011525,01,https://photo.anselmi.ind.br/Fotos/11525_01.jpg
012956,03,https://photo.anselmi.ind.br/Fotos/12956_03.jpg
045973,06,https://photo.anselmi.ind.br/Fotos/45973_06.jpg
012520,01,https://photo.anselmi.ind.br/Fotos/12520_01.jpg
013135,06,https://photo.anselmi.ind.br/Fotos/13135_06.jpg
019559,10,https://photo.anselmi.ind.br/Fotos/19559_10.jpg
047561,05,https://photo.anselmi.ind.br/Fotos/47561_05.jpg
046661,10,https://photo.anselmi.ind.br/Fotos/46661_10.jpg
015065,10,https://photo.anselmi.ind.br/Fotos/15065_10.jpg
011564,04,https://photo.anselmi.ind.br/Fotos/11564_04.jpg
046619,01,https://photo.anselmi.ind.br/Fotos/46619_01.jpg
028609,1621531107,https://photo.anselmi.ind.br/Fotos/28609_1621531107.jpg
047385,01,https://photo.anselmi.ind.br/Fotos/47385_01.jpg
047439,02,https://photo.anselmi.ind.br/Fotos/47439_02.jpg
032970,2,https://photo.anselmi.ind.br/Fotos/32970_2.jpg
047466,03,https://photo.anselmi.ind.br/Fotos/47466_03.jpg
047695,11,https://photo.anselmi.ind.br/Fotos/47695_11.jpg
029798,08,https://photo.anselmi.ind.br/Fotos/29798_08.jpg
014927,10,https://photo.anselmi.ind.br/Fotos/14927_10.jpg
047498,01,https://photo.anselmi.ind.br/Fotos/47498_01.jpg
045898,02,https://photo.anselmi.ind.br/Fotos/45898_02.jpg
047623,04,https://photo.anselmi.ind.br/Fotos/47623_04.jpg
047463,02,https://photo.anselmi.ind.br/Fotos/47463_02.jpg
015016,E56,https://photo.anselmi.ind.br/Fotos/15016_e56.jpg
012853,01,https://photo.anselmi.ind.br/Fotos/12853_01.jpg
012557,02,https://photo.anselmi.ind.br/Fotos/12557_02.jpg
028595,FRENTE,https://photo.anselmi.ind.br/Fotos/28595_frente.jpg
047371,01,https://photo.anselmi.ind.br/Fotos/47371_01.jpg
045896,CREFT,https://photo.anselmi.ind.br/Fotos/45896_creft.jpg
018954,01,https://photo.anselmi.ind.br/Fotos/18954_01.jpg
046896,10,https://photo.anselmi.ind.br/Fotos/46896_10.jpg
014616,10,https://photo.anselmi.ind.br/Fotos/14616_10.jpg
047434,01,https://photo.anselmi.ind.br/Fotos/47434_01.jpg
012869,01,https://photo.anselmi.ind.br/Fotos/12869_01.jpg
046815,AZUL,https://photo.anselmi.ind.br/Fotos/46815_azul.jpg
010700,10,https://photo.anselmi.ind.br/Fotos/10700_10.jpg
015913,01,https://photo.anselmi.ind.br/Fotos/15913_01.jpg
027914,C25,https://photo.anselmi.ind.br/Fotos/27914_c25.jpg
018656,10,https://photo.anselmi.ind.br/Fotos/18656_10.jpg
015217,01,https://photo.anselmi.ind.br/Fotos/15217_01.jpg
011893,0,https://photo.anselmi.ind.br/Fotos/11893_0.jpg
017116,10,https://photo.anselmi.ind.br/Fotos/17116_10.jpg
011453,01,https://photo.anselmi.ind.br/Fotos/11453_01.jpg
013221,01,https://photo.anselmi.ind.br/Fotos/13221_01.jpg
047413,04,https://photo.anselmi.ind.br/Fotos/47413_04.jpg
011767,10,https://photo.anselmi.ind.br/Fotos/11767_10.jpg
012865,10,https://photo.anselmi.ind.br/Fotos/12865_10.jpg
047528,10,https://photo.anselmi.ind.br/Fotos/47528_10.jpg
029447,1583944786,https://photo.anselmi.ind.br/Fotos/29447_1583944786.jpg
011530,10,https://photo.anselmi.ind.br/Fotos/11530_10.jpg
028852,2,https://photo.anselmi.ind.br/Fotos/28852_2.jpg
046478,01,https://photo.anselmi.ind.br/Fotos/46478_01.jpg
027544,04,https://photo.anselmi.ind.br/Fotos/27544_04.jpg
029326,1583944785,https://photo.anselmi.ind.br/Fotos/29326_1583944785.jpg
046416,MARINHO,https://photo.anselmi.ind.br/Fotos/46416_marinho.jpg
029230,CINZA,https://photo.anselmi.ind.br/Fotos/29230_cinza.jpg
016870,P12,https://photo.anselmi.ind.br/Fotos/16870_p12.jpg
012726,01,https://photo.anselmi.ind.br/Fotos/12726_01.jpg
010393,10,https://photo.anselmi.ind.br/Fotos/10393_10.jpg
012967,353,https://photo.anselmi.ind.br/Fotos/12967_353.jpg
046981,01,https://photo.anselmi.ind.br/Fotos/46981_01.jpg
011396,01,https://photo.anselmi.ind.br/Fotos/11396_01.jpg
029253,1590608392,https://photo.anselmi.ind.br/Fotos/29253_1590608392.jpg
047560,02,https://photo.anselmi.ind.br/Fotos/47560_02.jpg
047413,02,https://photo.anselmi.ind.br/Fotos/47413_02.jpg
029154,ROSA,https://photo.anselmi.ind.br/Fotos/29154_rosa.jpg
014323,10,https://photo.anselmi.ind.br/Fotos/14323_10.jpg
026950,011,https://photo.anselmi.ind.br/Fotos/26950_011.jpg
047394,07,https://photo.anselmi.ind.br/Fotos/47394_07.jpg
028871,1626379985,https://photo.anselmi.ind.br/Fotos/28871_1626379985.jpg
012967,C25,https://photo.anselmi.ind.br/Fotos/12967_c25.jpg
028894,CINZA,https://photo.anselmi.ind.br/Fotos/28894_cinza.jpg
012465,05,https://photo.anselmi.ind.br/Fotos/12465_05.jpg
047568,02,https://photo.anselmi.ind.br/Fotos/47568_02.jpg
012628,10,https://photo.anselmi.ind.br/Fotos/12628_10.jpg
012196,01,https://photo.anselmi.ind.br/Fotos/12196_01.jpg
047804,11,https://photo.anselmi.ind.br/Fotos/47804_11.jpg
046894,10,https://photo.anselmi.ind.br/Fotos/46894_10.jpg
012309,10,https://photo.anselmi.ind.br/Fotos/12309_10.jpg
047699,10,https://photo.anselmi.ind.br/Fotos/47699_10.jpg
017173,10,https://photo.anselmi.ind.br/Fotos/17173_10.jpg
046639,03,https://photo.anselmi.ind.br/Fotos/46639_03.jpg
015702,C25,https://photo.anselmi.ind.br/Fotos/15702_c25.jpg
015048,10,https://photo.anselmi.ind.br/Fotos/15048_10.jpg
047396,03,https://photo.anselmi.ind.br/Fotos/47396_03.jpg
012114,10,https://photo.anselmi.ind.br/Fotos/12114_10.jpg
011500,01,https://photo.anselmi.ind.br/Fotos/11500_01.jpg
047646,10,https://photo.anselmi.ind.br/Fotos/47646_10.jpg
014275,10,https://photo.anselmi.ind.br/Fotos/14275_10.jpg
015362,01,https://photo.anselmi.ind.br/Fotos/15362_01.jpg
047548,03,https://photo.anselmi.ind.br/Fotos/47548_03.jpg
047440,01,https://photo.anselmi.ind.br/Fotos/47440_01.jpg
047505,01,https://photo.anselmi.ind.br/Fotos/47505_01.jpg
012371,E34,https://photo.anselmi.ind.br/Fotos/12371_e34.jpg
012394,10,https://photo.anselmi.ind.br/Fotos/12394_10.jpg
047565,04,https://photo.anselmi.ind.br/Fotos/47565_04.jpg
012476,10,https://photo.anselmi.ind.br/Fotos/12476_10.jpg
011637,03,https://photo.anselmi.ind.br/Fotos/11637_03.jpg
047460,01,https://photo.anselmi.ind.br/Fotos/47460_01.jpg
015060,353,https://photo.anselmi.ind.br/Fotos/15060_353.jpg
027064,CINZA,https://photo.anselmi.ind.br/Fotos/27064_cinza.jpg
012956,10,https://photo.anselmi.ind.br/Fotos/12956_10.jpg
028945,1,https://photo.anselmi.ind.br/Fotos/28945_1.jpg
047545,01,https://photo.anselmi.ind.br/Fotos/47545_01.jpg
047498,02,https://photo.anselmi.ind.br/Fotos/47498_02.jpg
011265,C25,https://photo.anselmi.ind.br/Fotos/11265_c25.jpg
018460,2,https://photo.anselmi.ind.br/Fotos/18460_2.jpg
027160,CRU,https://photo.anselmi.ind.br/Fotos/27160_cru.jpg
011595,10,https://photo.anselmi.ind.br/Fotos/11595_10.jpg
047472,01,https://photo.anselmi.ind.br/Fotos/47472_01.jpg
046916,01,https://photo.anselmi.ind.br/Fotos/46916_01.jpg
047537,01,https://photo.anselmi.ind.br/Fotos/47537_01.jpg
029558,1620238449,https://photo.anselmi.ind.br/Fotos/29558_1620238449.jpg
017105,10,https://photo.anselmi.ind.br/Fotos/17105_10.jpg
046441,09,https://photo.anselmi.ind.br/Fotos/46441_09.jpg
029553,1,https://photo.anselmi.ind.br/Fotos/29553_1.jpg
047583,01,https://photo.anselmi.ind.br/Fotos/47583_01.jpg
013743,10,https://photo.anselmi.ind.br/Fotos/13743_10.jpg
018960,01,https://photo.anselmi.ind.br/Fotos/18960_01.jpg
047371,02,https://photo.anselmi.ind.br/Fotos/47371_02.jpg
047565,02,https://photo.anselmi.ind.br/Fotos/47565_02.jpg
011995,10,https://photo.anselmi.ind.br/Fotos/11995_10.jpg
047434,02,https://photo.anselmi.ind.br/Fotos/47434_02.jpg
013298,10,https://photo.anselmi.ind.br/Fotos/13298_10.jpg
046350,01,https://photo.anselmi.ind.br/Fotos/46350_01.jpg
013214,10,https://photo.anselmi.ind.br/Fotos/13214_10.jpg
016857,1627295668,https://photo.anselmi.ind.br/Fotos/16857_1627295668.jpg
047529,01,https://photo.anselmi.ind.br/Fotos/47529_01.jpg
026953,2,https://photo.anselmi.ind.br/Fotos/26953_2.jpg
012696,E34,https://photo.anselmi.ind.br/Fotos/12696_e34.jpg
012779,01,https://photo.anselmi.ind.br/Fotos/12779_01.jpg
028969,AZUL,https://photo.anselmi.ind.br/Fotos/28969_azul.jpg
047681,C25,https://photo.anselmi.ind.br/Fotos/47681_c25.jpg
047425,01,https://photo.anselmi.ind.br/Fotos/47425_01.jpg
046404,01,https://photo.anselmi.ind.br/Fotos/46404_01.jpg
028248,03,https://photo.anselmi.ind.br/Fotos/28248_03.jpg
019268,10,https://photo.anselmi.ind.br/Fotos/19268_10.jpg
010356,01,https://photo.anselmi.ind.br/Fotos/10356_01.jpg
011396,02,https://photo.anselmi.ind.br/Fotos/11396_02.jpg
018941,E17,https://photo.anselmi.ind.br/Fotos/18941_e17.jpg
012656,10,https://photo.anselmi.ind.br/Fotos/12656_10.jpg
047332,03,https://photo.anselmi.ind.br/Fotos/47332_03.jpg
014545,10,https://photo.anselmi.ind.br/Fotos/14545_10.jpg
015598,10,https://photo.anselmi.ind.br/Fotos/15598_10.jpg
012526,10,https://photo.anselmi.ind.br/Fotos/12526_10.jpg
047703,11,https://photo.anselmi.ind.br/Fotos/47703_11.jpg
027506,14,https://photo.anselmi.ind.br/Fotos/27506_14.jpg
046763,05,https://photo.anselmi.ind.br/Fotos/46763_05.jpg
047466,01,https://photo.anselmi.ind.br/Fotos/47466_01.jpg
047405,13,https://photo.anselmi.ind.br/Fotos/47405_13.jpg
047540,01,https://photo.anselmi.ind.br/Fotos/47540_01.jpg
047483,02,https://photo.anselmi.ind.br/Fotos/47483_02.jpg
010639,02,https://photo.anselmi.ind.br/Fotos/10639_02.jpg
046354,10,https://photo.anselmi.ind.br/Fotos/46354_10.jpg
012402,01,https://photo.anselmi.ind.br/Fotos/12402_01.jpg
046444,1647022230,https://photo.anselmi.ind.br/Fotos/46444_1647022230.jpg
046828,10,https://photo.anselmi.ind.br/Fotos/46828_10.jpg
010580,10,https://photo.anselmi.ind.br/Fotos/10580_10.jpg
047431,01,https://photo.anselmi.ind.br/Fotos/47431_01.jpg
011761,10,https://photo.anselmi.ind.br/Fotos/11761_10.jpg
018958,10,https://photo.anselmi.ind.br/Fotos/18958_10.jpg
013088,10,https://photo.anselmi.ind.br/Fotos/13088_10.jpg
014964,01,https://photo.anselmi.ind.br/Fotos/14964_01.jpg
013844,01,https://photo.anselmi.ind.br/Fotos/13844_01.jpg
047460,02,https://photo.anselmi.ind.br/Fotos/47460_02.jpg
012952,10,https://photo.anselmi.ind.br/Fotos/12952_10.jpg
012597,10,https://photo.anselmi.ind.br/Fotos/12597_10.jpg
019235,10,https://photo.anselmi.ind.br/Fotos/19235_10.jpg
012669,11,https://photo.anselmi.ind.br/Fotos/12669_11.jpg
011528,01,https://photo.anselmi.ind.br/Fotos/11528_01.jpg
047631,10,https://photo.anselmi.ind.br/Fotos/47631_10.jpg
017472,A,https://photo.anselmi.ind.br/Fotos/17472_a.jpg
010430,01,https://photo.anselmi.ind.br/Fotos/10430_01.jpg
011341,02,https://photo.anselmi.ind.br/Fotos/11341_02.jpg
013886,10,https://photo.anselmi.ind.br/Fotos/13886_10.jpg
047472,02,https://photo.anselmi.ind.br/Fotos/47472_02.jpg
045896,AZUL,https://photo.anselmi.ind.br/Fotos/45896_azul.jpg
046431,10,https://photo.anselmi.ind.br/Fotos/46431_10.jpg
032310,808,https://photo.anselmi.ind.br/Fotos/32310_808.jpg
010201,01,https://photo.anselmi.ind.br/Fotos/10201_01.jpg
047281,01,https://photo.anselmi.ind.br/Fotos/47281_01.jpg
047583,02,https://photo.anselmi.ind.br/Fotos/47583_02.jpg
046642,E55,https://photo.anselmi.ind.br/Fotos/46642_e55.jpg
010206,01,https://photo.anselmi.ind.br/Fotos/10206_01.jpg
018960,02,https://photo.anselmi.ind.br/Fotos/18960_02.jpg
028177,COR01,https://photo.anselmi.ind.br/Fotos/28177_cor01.jpg
015265,01,https://photo.anselmi.ind.br/Fotos/15265_01.jpg
018920,10,https://photo.anselmi.ind.br/Fotos/18920_10.jpg
046082,10,https://photo.anselmi.ind.br/Fotos/46082_10.jpg
046350,02,https://photo.anselmi.ind.br/Fotos/46350_02.jpg
047404,02,https://photo.anselmi.ind.br/Fotos/47404_02.jpg
027794,1583944784,https://photo.anselmi.ind.br/Fotos/27794_1583944784.jpg
047529,02,https://photo.anselmi.ind.br/Fotos/47529_02.jpg
011751,10,https://photo.anselmi.ind.br/Fotos/11751_10.jpg
012160,03,https://photo.anselmi.ind.br/Fotos/12160_03.jpg
013759,10,https://photo.anselmi.ind.br/Fotos/13759_10.jpg
047732,10,https://photo.anselmi.ind.br/Fotos/47732_10.jpg
047706,11,https://photo.anselmi.ind.br/Fotos/47706_11.jpg
027506,18,https://photo.anselmi.ind.br/Fotos/27506_18.jpg
015670,02,https://photo.anselmi.ind.br/Fotos/15670_02.jpg
034011,12,https://photo.anselmi.ind.br/Fotos/34011_12.jpg
010194,01,https://photo.anselmi.ind.br/Fotos/10194_01.jpg
047705,11,https://photo.anselmi.ind.br/Fotos/47705_11.jpg
047394,01,https://photo.anselmi.ind.br/Fotos/47394_01.jpg
047550,01,https://photo.anselmi.ind.br/Fotos/47550_01.jpg
046149,06,https://photo.anselmi.ind.br/Fotos/46149_06.jpg
047379,01,https://photo.anselmi.ind.br/Fotos/47379_01.jpg
011863,10,https://photo.anselmi.ind.br/Fotos/11863_10.jpg
047425,02,https://photo.anselmi.ind.br/Fotos/47425_02.jpg
011770,E24,https://photo.anselmi.ind.br/Fotos/11770_e24.jpg
028311,1620300423,https://photo.anselmi.ind.br/Fotos/28311_1620300423.jpg
017856,10,https://photo.anselmi.ind.br/Fotos/17856_10.jpg
046342,01,https://photo.anselmi.ind.br/Fotos/46342_01.jpg
026414,CAVIAR,https://photo.anselmi.ind.br/Fotos/26414_caviar.jpg
013423,10,https://photo.anselmi.ind.br/Fotos/13423_10.jpg
011871,03,https://photo.anselmi.ind.br/Fotos/11871_03.jpg
029171,1,https://photo.anselmi.ind.br/Fotos/29171_1.jpg
011861,10,https://photo.anselmi.ind.br/Fotos/11861_10.jpg
011947,01,https://photo.anselmi.ind.br/Fotos/11947_01.jpg
047410,02,https://photo.anselmi.ind.br/Fotos/47410_02.jpg
047396,01,https://photo.anselmi.ind.br/Fotos/47396_01.jpg
028932,2,https://photo.anselmi.ind.br/Fotos/28932_2.jpg
046920,10,https://photo.anselmi.ind.br/Fotos/46920_10.jpg
012339,E75,https://photo.anselmi.ind.br/Fotos/12339_e75.jpg
047466,02,https://photo.anselmi.ind.br/Fotos/47466_02.jpg
047639,01,https://photo.anselmi.ind.br/Fotos/47639_01.jpg
047431,04,https://photo.anselmi.ind.br/Fotos/47431_04.jpg
046542,V,https://photo.anselmi.ind.br/Fotos/46542_v.jpg
011637,01,https://photo.anselmi.ind.br/Fotos/11637_01.jpg
012609,10,https://photo.anselmi.ind.br/Fotos/12609_10.jpg
012800,10,https://photo.anselmi.ind.br/Fotos/12800_10.jpg
015825,01,https://photo.anselmi.ind.br/Fotos/15825_01.jpg
029581,C59,https://photo.anselmi.ind.br/Fotos/29581_c59.jpg
011515,10,https://photo.anselmi.ind.br/Fotos/11515_10.jpg
047540,02,https://photo.anselmi.ind.br/Fotos/47540_02.jpg
012922,03,https://photo.anselmi.ind.br/Fotos/12922_03.jpg
024845,746,https://photo.anselmi.ind.br/Fotos/24845_746.jpg
032879,01,https://photo.anselmi.ind.br/Fotos/32879_01.jpg
046754,01,https://photo.anselmi.ind.br/Fotos/46754_01.jpg
029422,07,https://photo.anselmi.ind.br/Fotos/29422_07.jpg
034011,11,https://photo.anselmi.ind.br/Fotos/34011_11.jpg
029154,MARINHO,https://photo.anselmi.ind.br/Fotos/29154_marinho.jpg
015954,03,https://photo.anselmi.ind.br/Fotos/15954_03.jpg
046678,10,https://photo.anselmi.ind.br/Fotos/46678_10.jpg
047464,02,https://photo.anselmi.ind.br/Fotos/47464_02.jpg
029898,05,https://photo.anselmi.ind.br/Fotos/29898_05.jpg
047431,02,https://photo.anselmi.ind.br/Fotos/47431_02.jpg
047366,01,https://photo.anselmi.ind.br/Fotos/47366_01.jpg
027160,CINZA,https://photo.anselmi.ind.br/Fotos/27160_cinza.jpg
046513,1647022231,https://photo.anselmi.ind.br/Fotos/46513_1647022231.jpg
046815,10,https://photo.anselmi.ind.br/Fotos/46815_10.jpg
045926,08,https://photo.anselmi.ind.br/Fotos/45926_08.jpg
047487,03,https://photo.anselmi.ind.br/Fotos/47487_03.jpg
047405,11,https://photo.anselmi.ind.br/Fotos/47405_11.jpg
046963,10,https://photo.anselmi.ind.br/Fotos/46963_10.jpg
028451,03,https://photo.anselmi.ind.br/Fotos/28451_03.jpg
011722,V,https://photo.anselmi.ind.br/Fotos/11722_v.jpg
011483,01,https://photo.anselmi.ind.br/Fotos/11483_01.jpg
012309,353,https://photo.anselmi.ind.br/Fotos/12309_353.jpg
013038,01,https://photo.anselmi.ind.br/Fotos/13038_01.jpg
017107,B79,https://photo.anselmi.ind.br/Fotos/17107_b79.jpg
018728,10,https://photo.anselmi.ind.br/Fotos/18728_10.jpg
028263,BORDO,https://photo.anselmi.ind.br/Fotos/28263_bordo.jpg
027544,05,https://photo.anselmi.ind.br/Fotos/27544_05.jpg
011341,C25,https://photo.anselmi.ind.br/Fotos/11341_c25.jpg
016957,01,https://photo.anselmi.ind.br/Fotos/16957_01.jpg
029266,02,https://photo.anselmi.ind.br/Fotos/29266_02.jpg
010123,01,https://photo.anselmi.ind.br/Fotos/10123_01.jpg
012887,02,https://photo.anselmi.ind.br/Fotos/12887_02.jpg
026414,BORDO,https://photo.anselmi.ind.br/Fotos/26414_bordo.jpg
010144,10,https://photo.anselmi.ind.br/Fotos/10144_10.jpg
047682,01,https://photo.anselmi.ind.br/Fotos/47682_01.jpg
027506,17,https://photo.anselmi.ind.br/Fotos/27506_17.jpg
046542,10,https://photo.anselmi.ind.br/Fotos/46542_10.jpg
046125,10,https://photo.anselmi.ind.br/Fotos/46125_10.jpg
047461,02,https://photo.anselmi.ind.br/Fotos/47461_02.jpg
012979,01,https://photo.anselmi.ind.br/Fotos/12979_01.jpg
012269,A67,https://photo.anselmi.ind.br/Fotos/12269_a67.jpg
047453,05,https://photo.anselmi.ind.br/Fotos/47453_05.jpg
010424,E24,https://photo.anselmi.ind.br/Fotos/10424_e24.jpg
011268,10,https://photo.anselmi.ind.br/Fotos/11268_10.jpg
011245,C59,https://photo.anselmi.ind.br/Fotos/11245_c59.jpg
047564,01,https://photo.anselmi.ind.br/Fotos/47564_01.jpg
013068,10,https://photo.anselmi.ind.br/Fotos/13068_10.jpg
046959,10,https://photo.anselmi.ind.br/Fotos/46959_10.jpg
012990,10,https://photo.anselmi.ind.br/Fotos/12990_10.jpg
047394,02,https://photo.anselmi.ind.br/Fotos/47394_02.jpg
011461,10,https://photo.anselmi.ind.br/Fotos/11461_10.jpg
028563,1583944785,https://photo.anselmi.ind.br/Fotos/28563_1583944785.jpg
015189,353,https://photo.anselmi.ind.br/Fotos/15189_353.jpg
027602,1627295671,https://photo.anselmi.ind.br/Fotos/27602_1627295671.jpg
047457,03,https://photo.anselmi.ind.br/Fotos/47457_03.jpg
015838,MOCA,https://photo.anselmi.ind.br/Fotos/15838_moca.jpg
012269,10,https://photo.anselmi.ind.br/Fotos/12269_10.jpg
047811,11,https://photo.anselmi.ind.br/Fotos/47811_11.jpg
047357,01,https://photo.anselmi.ind.br/Fotos/47357_01.jpg
033589,01,https://photo.anselmi.ind.br/Fotos/33589_01.jpg
047637,01,https://photo.anselmi.ind.br/Fotos/47637_01.jpg
047563,01,https://photo.anselmi.ind.br/Fotos/47563_01.jpg
012580,01,https://photo.anselmi.ind.br/Fotos/12580_01.jpg
012837,E56,https://photo.anselmi.ind.br/Fotos/12837_e56.jpg
011114,01,https://photo.anselmi.ind.br/Fotos/11114_01.jpg
015015,353,https://photo.anselmi.ind.br/Fotos/15015_353.jpg
011508,10,https://photo.anselmi.ind.br/Fotos/11508_10.jpg
046049,CINZA,https://photo.anselmi.ind.br/Fotos/46049_cinza.jpg
029429,CINZA,https://photo.anselmi.ind.br/Fotos/29429_cinza.jpg
046896,C59,https://photo.anselmi.ind.br/Fotos/46896_c59.jpg
047431,0,https://photo.anselmi.ind.br/Fotos/47431_0.jpg
010900,C25,https://photo.anselmi.ind.br/Fotos/10900_c25.jpg
029018,03,https://photo.anselmi.ind.br/Fotos/29018_03.jpg
047339,AZUL,https://photo.anselmi.ind.br/Fotos/47339_azul.jpg
012923,02,https://photo.anselmi.ind.br/Fotos/12923_02.jpg
028976,1,https://photo.anselmi.ind.br/Fotos/28976_1.jpg
028945,2,https://photo.anselmi.ind.br/Fotos/28945_2.jpg
015015,C25,https://photo.anselmi.ind.br/Fotos/15015_c25.jpg
047383,04,https://photo.anselmi.ind.br/Fotos/47383_04.jpg
010918,01,https://photo.anselmi.ind.br/Fotos/10918_01.jpg
012506,01,https://photo.anselmi.ind.br/Fotos/12506_01.jpg
014616,01,https://photo.anselmi.ind.br/Fotos/14616_01.jpg
010164,01,https://photo.anselmi.ind.br/Fotos/10164_01.jpg
047366,02,https://photo.anselmi.ind.br/Fotos/47366_02.jpg
047333,03,https://photo.anselmi.ind.br/Fotos/47333_03.jpg
013196,10,https://photo.anselmi.ind.br/Fotos/13196_10.jpg
011780,01,https://photo.anselmi.ind.br/Fotos/11780_01.jpg
011483,02,https://photo.anselmi.ind.br/Fotos/11483_02.jpg
029338,02,https://photo.anselmi.ind.br/Fotos/29338_02.jpg
012160,01,https://photo.anselmi.ind.br/Fotos/12160_01.jpg
014585,10,https://photo.anselmi.ind.br/Fotos/14585_10.jpg
047607,10,https://photo.anselmi.ind.br/Fotos/47607_10.jpg
012655,10,https://photo.anselmi.ind.br/Fotos/12655_10.jpg
046269,1639838557,https://photo.anselmi.ind.br/Fotos/46269_1639838557.jpg
047528,01,https://photo.anselmi.ind.br/Fotos/47528_01.jpg
012601,01,https://photo.anselmi.ind.br/Fotos/12601_01.jpg
016957,02,https://photo.anselmi.ind.br/Fotos/16957_02.jpg
010389,10,https://photo.anselmi.ind.br/Fotos/10389_10.jpg
032432,10,https://photo.anselmi.ind.br/Fotos/32432_10.jpg
